Company Name,First Name,Last Name,Phone Number,Address
ASML,Heather,Brown,+31 42 2248312,"Jones Mountain 91, 51137 Haarlem"
ASML,Joseph,Harmon,+31 37 7755867,"William Groves 94, 46297 Utrecht"
ING Groep,Fernando,White,+31 52 9526462,"Jeffrey Corners 126, 67248 Eindhoven"
Philips,Stephanie,Taylor,+31 31 2370474,"Mason Mountain 5, 88607 Eindhoven"
ING Groep,Melissa,White,+31 63 7778552,"Johnson Oval 164, 96659 Groningen"
Philips,Jill,Moore,+31 79 5749296,"Brian Pike 95, 00795 Breda"
ABN AMRO,David,Ortiz,+31 30 7960928,"Danielle Track 143, 81598 Tilburg"
KPMG,Tyler,Wiggins,+31 89 8477174,"Joshua Heights 155, 78798 Tilburg"
ABN AMRO,Alfred,Hester,+31 87 3243756,"Justin Points 159, 66573 Tilburg"
ASML,Ebony,Thomas,+31 95 2301919,"Tyler Overpass 171, 61514 Rotterdam"
ABN AMRO,Misty,Clark,+31 55 9711596,"Hawkins Islands 145, 56790 Nijmegen"
KPMG,Courtney,Miller,+31 60 9429903,"Miguel Manors 137, 31546 Breda"
DSM,James,Ramsey,+31 15 4536950,"Scott Fall 95, 70540 Almere"
ABN AMRO,Karen,Davidson,+31 62 9995438,"Valerie Locks 39, 70561 Amsterdam"
ING Groep,Mallory,Ruiz,+31 78 5095170,"Michelle Stream 151, 06238 Amsterdam"
Royal Dutch Shell,James,Hernandez,+31 97 8879474,"Dakota Way 96, 87099 Haarlem"
ASML,Justin,Hoffman,+31 34 1760795,"Cole Grove 85, 75683 Amsterdam"
ASML,Rachel,Mcguire,+31 77 1452528,"Jackson Junction 159, 63882 Rotterdam"
ABN AMRO,Michelle,Romero,+31 63 4622708,"Randy Run 33, 68773 Utrecht"
KPMG,Edward,Schultz,+31 95 4369000,"Murphy Mountains 133, 53856 Nijmegen"
Rabobank,Sean,Watts,+31 99 5737128,"Nicole Squares 113, 02608 Nijmegen"
Ahold Delhaize,Joshua,Moore,+31 76 5228838,"Amanda Extension 117, 85547 Tilburg"
Rabobank,Bryan,Prince,+31 98 1226493,"Brown Plains 139, 74487 Almere"
ABN AMRO,Caitlin,Castillo,+31 10 5609190,"Allison Court 66, 26469 Amsterdam"
DSM,Natasha,Gibson,+31 11 1754494,"Hendricks Burgs 91, 79503 Rotterdam"
ABN AMRO,Theresa,Martin,+31 65 4762426,"Mary Lodge 106, 44137 Tilburg"
DSM,Patricia,Gilbert,+31 66 4236452,"Carson Roads 165, 99930 Haarlem"
Heineken,Joshua,Watson,+31 40 7569517,"Young Corners 93, 82737 Amsterdam"
Philips,Brittany,Garner,+31 97 6699426,"James Lodge 143, 53053 Utrecht"
DSM,Sarah,Anthony,+31 63 5573463,"Bryant Burgs 79, 79512 Utrecht"
KPMG,Alexander,Mendoza,+31 35 4730055,"Bond Alley 108, 33347 Utrecht"
Philips,Mary,Mccoy,+31 64 4746063,"Cox View 27, 06222 Almere"
DSM,Ronald,Hernandez,+31 22 3539419,"Rice Fork 187, 75586 Amsterdam"
Philips,James,Jones,+31 58 4590448,"Beth Loaf 23, 90805 Eindhoven"
Royal Dutch Shell,Sean,Miller,+31 37 5417565,"Tiffany Mountain 161, 68578 Utrecht"
Ahold Delhaize,Stephanie,Lowe,+31 15 4355732,"Hunt Turnpike 44, 40917 Amsterdam"
Philips,Angela,Adams,+31 78 5894505,"Robert Island 116, 55060 Rotterdam"
Philips,Tamara,Sutton,+31 92 3252098,"Kevin Branch 176, 20631 Rotterdam"
DSM,Bailey,Andrews,+31 76 2188359,"Morgan Square 48, 14793 Rotterdam"
Ahold Delhaize,David,Myers,+31 98 7176194,"Bailey Streets 89, 31334 Nijmegen"
Heineken,Nicholas,Jarvis,+31 43 2659335,"Jasmine Point 34, 81897 Haarlem"
ABN AMRO,Christopher,Holt,+31 92 9063360,"Logan Circle 175, 01810 Utrecht"
ASML,Jeff,Carter,+31 42 8902785,"Sonia Mews 88, 97762 Eindhoven"
Philips,Timothy,Peterson,+31 40 1335460,"Johnson Rapid 191, 36506 Groningen"
ING Groep,Ashlee,Marquez,+31 61 5972591,"Mckenzie Parkway 126, 31065 Groningen"
ABN AMRO,John,Mcdaniel,+31 26 7855315,"Shannon Burgs 30, 37132 Breda"
KPMG,Daniel,Hahn,+31 51 4697092,"Anderson Well 98, 38749 Nijmegen"
ASML,Kimberly,Evans,+31 48 2166045,"Robert Ridge 64, 43774 Breda"
Philips,Omar,Simpson,+31 72 4821143,"Ryan Avenue 34, 67150 Haarlem"
ASML,Brett,West,+31 93 6358361,"Jason Locks 26, 02544 Tilburg"
Royal Dutch Shell,Janet,Huffman,+31 57 7906075,"Jermaine Heights 63, 04026 Utrecht"
Ahold Delhaize,Melissa,Stokes,+31 39 6097013,"Frank Junctions 135, 29545 Nijmegen"
KPMG,Patrick,Smith,+31 65 3870723,"Wilson Lights 62, 66639 Haarlem"
Heineken,Julia,Williams,+31 20 2755681,"Yvonne Lodge 15, 18877 Nijmegen"
ASML,Patrick,Lopez,+31 13 1430488,"Lee Views 152, 03582 Nijmegen"
Philips,Jennifer,Moore,+31 90 5580488,"Kenneth Corner 117, 48292 Tilburg"
KPMG,Joseph,Price,+31 41 9834374,"Kristina Ridges 49, 77863 Almere"
DSM,Eric,Wilson,+31 28 5274985,"Hawkins Divide 7, 18559 Rotterdam"
ING Groep,Jacqueline,Allen,+31 47 5981117,"Ruiz Prairie 77, 00813 Breda"
KPMG,Eric,French,+31 64 8085998,"Gray Union 25, 91887 Amsterdam"
Philips,Brian,Murray,+31 83 6239777,"Andrews Ferry 79, 58404 Groningen"
ASML,Christina,Williams,+31 14 9770416,"Williams Mission 23, 47195 Eindhoven"
KPMG,Elizabeth,Robles,+31 56 9526672,"Teresa Cove 166, 63799 Haarlem"
ASML,Kristin,Santiago,+31 28 2838376,"Kramer Skyway 196, 09682 Groningen"
Philips,Elizabeth,Johnson,+31 17 9035724,"Powers Square 137, 35423 Eindhoven"
KPMG,Kevin,Li,+31 62 3863146,"Julie Burg 87, 76735 Utrecht"
ASML,Shawn,Matthews,+31 28 9855770,"Mack Harbor 94, 76618 Utrecht"
Rabobank,Rebecca,Lane,+31 31 9011702,"Theresa Parkways 72, 84160 Utrecht"
Royal Dutch Shell,Amanda,Miller,+31 36 6794372,"Reynolds Points 184, 75078 Haarlem"
Ahold Delhaize,Maria,Hughes,+31 26 8449773,"Natalie Corner 173, 69622 Utrecht"
ING Groep,Daniel,Bass,+31 51 9058112,"Randall Motorway 141, 27046 Amsterdam"
KPMG,Cody,Murray,+31 77 5474242,"Scott Skyway 200, 52722 Nijmegen"
KPMG,Kimberly,Scott,+31 47 4956746,"Coleman Prairie 187, 91880 Amsterdam"
Ahold Delhaize,Jaime,Meyer,+31 39 9178979,"Johnson Islands 185, 71695 Breda"
ING Groep,Alexander,Hall,+31 80 7435262,"Sherri Station 82, 34153 Tilburg"
KPMG,Kathleen,Brown,+31 85 8638312,"Moore Course 196, 86152 Groningen"
Heineken,Latoya,Davis,+31 54 4194839,"Regina Causeway 172, 47179 Amsterdam"
Rabobank,William,Maldonado,+31 54 1538927,"Herring Street 166, 84083 Breda"
Heineken,Jacob,Stephens,+31 38 3835654,"Natalie Alley 8, 81890 Amsterdam"
Philips,Caitlin,Combs,+31 54 5193840,"Rodriguez Lane 93, 04613 Almere"
Royal Dutch Shell,Dennis,Zimmerman,+31 43 3068412,"Kayla Unions 62, 80906 Rotterdam"
ABN AMRO,Ashley,Morgan,+31 77 8889743,"Lorraine Islands 129, 88536 Rotterdam"
Royal Dutch Shell,Amber,Roberts,+31 68 5641835,"James Burgs 127, 54846 Amsterdam"
KPMG,Julie,White,+31 43 2217746,"Garcia Underpass 112, 46353 Rotterdam"
Heineken,Joseph,Henderson,+31 59 1689695,"Garcia Crest 127, 47657 Amsterdam"
Rabobank,John,Murphy,+31 41 5357551,"Contreras Gardens 175, 11371 Rotterdam"
Royal Dutch Shell,Desiree,Hughes,+31 44 5165171,"Brown Coves 28, 11270 Breda"
Ahold Delhaize,Stephanie,Crawford,+31 92 5397669,"Brian Village 82, 52756 Amsterdam"
Rabobank,Tanya,Roberts,+31 39 7607845,"Ryan Lights 50, 32202 Almere"
ASML,Samuel,Moore,+31 25 4379581,"Patrick Park 66, 61866 Utrecht"
Ahold Delhaize,David,Taylor,+31 74 9514733,"Villa Stravenue 118, 73436 Almere"
DSM,Michelle,Caldwell,+31 31 6979964,"Stephanie Vista 49, 09126 Groningen"
KPMG,Jordan,Hall,+31 64 7722232,"Garrett Trail 158, 91156 Rotterdam"
DSM,Eric,Wright,+31 95 3676418,"Oscar Road 191, 93404 Rotterdam"
KPMG,Debra,Caldwell,+31 43 3316568,"Scott Viaduct 127, 83256 Utrecht"
ASML,Vicki,Houston,+31 63 1406043,"David Village 175, 67846 Almere"
Heineken,George,Wright,+31 74 6069414,"Peck Lake 167, 27990 Nijmegen"
Royal Dutch Shell,Megan,Harris,+31 32 5957829,"Luna Drives 63, 26350 Almere"
ASML,Fernando,Morales,+31 98 8451953,"Robert Harbor 27, 21332 Rotterdam"
DSM,Barbara,Green,+31 90 1426755,"Keller Mount 198, 85160 Breda"
ASML,Eric,Harris,+31 18 1884571,"Christine Passage 34, 19787 Haarlem"
Ahold Delhaize,Stephanie,Bennett,+31 91 6166530,"Jack Freeway 187, 99563 Rotterdam"
ASML,James,Alexander,+31 40 6035937,"Hall Prairie 86, 70519 Tilburg"
Rabobank,George,Mack,+31 87 5142745,"Jennifer Islands 153, 58363 Almere"
KPMG,Sarah,Mercer,+31 59 3786838,"Smith Corner 169, 56019 Groningen"
KPMG,Cheryl,Allen,+31 78 8726465,"Mike Throughway 183, 29773 Rotterdam"
ABN AMRO,Wendy,Simon,+31 13 8386119,"Phillips Stravenue 31, 85098 Eindhoven"
Heineken,Ruben,Castillo,+31 96 3880410,"Santiago Radial 81, 10556 Breda"
ASML,William,Morgan,+31 65 1127363,"Michelle Lake 31, 04427 Tilburg"
Royal Dutch Shell,Jonathan,Vasquez,+31 23 5141041,"Hart Circles 151, 19015 Tilburg"
DSM,Grace,Jones,+31 28 3777282,"Smith Avenue 179, 90738 Utrecht"
Philips,Karen,Smith,+31 64 7422173,"Murphy Islands 162, 29101 Eindhoven"
ABN AMRO,Heather,Boyd,+31 96 4703765,"Taylor Ranch 128, 34136 Eindhoven"
Ahold Delhaize,Nicholas,Hansen,+31 58 4195516,"Estrada Alley 83, 59618 Breda"
KPMG,Cheyenne,Morgan,+31 94 5036055,"Fritz Loop 139, 35027 Haarlem"
Heineken,Charles,Hess,+31 42 9826163,"Bennett Causeway 103, 69867 Breda"
Philips,Jason,Taylor,+31 30 1719048,"Patton Isle 91, 61457 Breda"
Philips,Patrick,Martin,+31 62 3433481,"Hodge Wall 15, 01516 Eindhoven"
ASML,Michael,Swanson,+31 39 3540875,"James Islands 72, 51017 Breda"
Heineken,Matthew,Crane,+31 39 1420068,"Victor Cliffs 102, 60835 Amsterdam"
KPMG,Adam,Jenkins,+31 87 7617165,"Melissa Falls 111, 27698 Tilburg"
Royal Dutch Shell,Jeremy,Ross,+31 61 2443559,"Wood Stravenue 90, 01931 Nijmegen"
Philips,Deanna,Baker,+31 51 3094519,"Barrett Centers 145, 60056 Breda"
KPMG,Katherine,Murphy,+31 23 2128424,"Thomas Mall 59, 97074 Tilburg"
Rabobank,Kaitlyn,Walters,+31 69 7133534,"Jennifer Cliff 180, 02207 Tilburg"
ASML,Jason,Poole,+31 29 6301022,"Williams Freeway 48, 19969 Eindhoven"
ING Groep,William,Daniels,+31 36 3646472,"Sharp Plain 147, 48727 Eindhoven"
Heineken,Jason,Huerta,+31 52 9318178,"Washington Spur 25, 29265 Utrecht"
Royal Dutch Shell,Audrey,Johnson,+31 87 2821955,"Wallace Place 89, 08719 Utrecht"
KPMG,Christine,Johnson,+31 96 4802858,"Miller Harbor 165, 08199 Groningen"
DSM,Deanna,Flowers,+31 46 9240236,"Rodriguez Dale 122, 94035 Nijmegen"
DSM,Douglas,Thompson,+31 50 4729499,"Kyle Orchard 199, 25726 Amsterdam"
Heineken,Suzanne,Hendricks,+31 18 9636883,"Shane Pine 149, 39708 Haarlem"
Philips,Melissa,Lowe,+31 66 4622718,"Vicki Estates 68, 67500 Almere"
Rabobank,Ashley,Mcpherson,+31 22 4265900,"Evan Stravenue 134, 54354 Almere"
Rabobank,Corey,Walker,+31 28 3678843,"Rachel Track 59, 64882 Eindhoven"
KPMG,Scott,Heath,+31 22 9538365,"Cain Brooks 146, 47391 Haarlem"
KPMG,Gary,Coleman,+31 51 7416242,"Thomas Haven 183, 89166 Haarlem"
KPMG,Stephanie,Stewart,+31 86 8341931,"Ronald Spurs 144, 09719 Haarlem"
Ahold Delhaize,Christian,Smith,+31 64 8768933,"Claudia Junctions 122, 84950 Groningen"
KPMG,David,Jones,+31 62 8184522,"Anderson Loaf 196, 76134 Almere"
ABN AMRO,Lisa,Johnson,+31 70 6581638,"Peters Valley 62, 55330 Groningen"
ASML,Ryan,Huang,+31 72 1827482,"Melissa Shores 18, 49865 Tilburg"
KPMG,Mark,Grant,+31 63 7112685,"Price Fall 187, 43712 Amsterdam"
Ahold Delhaize,Emily,Owens,+31 82 1441879,"Lisa Camp 11, 52462 Nijmegen"
Ahold Delhaize,Michelle,Singh,+31 50 7543305,"Amy Spring 31, 71249 Haarlem"
Royal Dutch Shell,George,Davis,+31 14 8903668,"Christopher Route 9, 33193 Amsterdam"
Philips,Charles,Perez,+31 60 5549126,"Gross Turnpike 91, 79665 Nijmegen"
Royal Dutch Shell,Carla,Olson,+31 55 9840848,"Katherine Locks 84, 26859 Nijmegen"
Royal Dutch Shell,David,Caldwell,+31 21 9968324,"Katelyn Landing 150, 29545 Haarlem"
Philips,Michelle,Williamson,+31 88 8617241,"Myers Bypass 181, 62537 Breda"
KPMG,Kathleen,Benjamin,+31 43 9062434,"Dawn Spring 140, 60632 Haarlem"
ABN AMRO,Brittany,Rios,+31 23 9212788,"Parker Trace 75, 42086 Almere"
KPMG,Patrick,Hunt,+31 24 4970903,"Pierce Prairie 78, 92749 Tilburg"
Heineken,Felicia,Thomas,+31 89 5395583,"Robertson Corners 11, 96798 Haarlem"
Royal Dutch Shell,Felicia,Johnson,+31 27 8176628,"Misty Common 25, 81328 Groningen"
DSM,Kaitlyn,Klein,+31 64 5128945,"Anthony Villages 102, 34395 Nijmegen"
ING Groep,Sean,Carey,+31 47 6166286,"Webb Branch 183, 23918 Tilburg"
ABN AMRO,Brianna,Martin,+31 55 8270730,"Earl Forges 159, 42792 Nijmegen"
Heineken,Alicia,Cooper,+31 58 8063881,"Zimmerman Ramp 134, 90049 Breda"
ABN AMRO,John,Burns,+31 12 5857323,"Nichole Mountain 114, 87916 Utrecht"
KPMG,Valerie,West,+31 97 2075182,"Morrow Wall 63, 28440 Almere"
ING Groep,Aaron,Cline,+31 21 6659955,"Price Trafficway 69, 15277 Tilburg"
Ahold Delhaize,Ashley,Anderson,+31 57 2653267,"Melissa Isle 128, 10077 Almere"
Heineken,Jodi,Smith,+31 53 7050998,"Johnson Greens 105, 51722 Groningen"
ASML,Nicholas,Burns,+31 29 4326396,"West Alley 187, 54995 Utrecht"
DSM,Brian,Cook,+31 78 9798438,"Carney Stream 179, 09389 Groningen"
ABN AMRO,Jessica,Franklin,+31 98 4601656,"Sabrina Brook 57, 60877 Eindhoven"
ABN AMRO,Aaron,Moore,+31 87 7889838,"Barry Bridge 62, 01363 Groningen"
Ahold Delhaize,Angel,Ingram,+31 80 1761351,"Moore Extension 167, 74738 Eindhoven"
KPMG,Rachel,May,+31 55 1372632,"Cordova Mountains 162, 05118 Eindhoven"
Philips,Rhonda,Pham,+31 86 1616522,"Wilkerson Forest 164, 70508 Eindhoven"
Ahold Delhaize,Stephanie,Richardson,+31 74 4589095,"Ashley Rest 9, 08112 Tilburg"
ASML,Randall,Davis,+31 92 3127993,"Kenneth Ford 63, 38387 Nijmegen"
Ahold Delhaize,Ronald,Farmer,+31 23 2695733,"Simmons Canyon 171, 73097 Utrecht"
ING Groep,Deborah,Craig,+31 80 2733863,"Bates Plaza 95, 25613 Tilburg"
Royal Dutch Shell,Adrian,Wood,+31 80 7512493,"Matthew Unions 68, 85459 Utrecht"
KPMG,Brian,Oconnor,+31 98 3513080,"Joseph Course 39, 61537 Eindhoven"
DSM,Terry,Thompson,+31 87 3539034,"Barron Village 22, 66134 Groningen"
KPMG,Marie,Shepard,+31 46 3753130,"Freeman Mews 8, 06835 Tilburg"
Royal Dutch Shell,Jimmy,Atkinson,+31 26 4219619,"Jon Ferry 137, 01144 Almere"
Heineken,William,Mcneil,+31 94 4055813,"Christopher Glens 101, 51820 Tilburg"
KPMG,Janice,Lawson,+31 22 2545050,"Jennifer Divide 162, 88543 Breda"
ING Groep,Glenda,Finley,+31 90 2507136,"Michelle Spurs 141, 42547 Haarlem"
DSM,Traci,Jones,+31 43 9599639,"Benjamin Hill 27, 65953 Nijmegen"
ABN AMRO,Troy,Ramos,+31 55 1258858,"Teresa Harbor 46, 15091 Groningen"
DSM,Raymond,Johnson,+31 36 2757078,"Erin Plaza 118, 16467 Tilburg"
Royal Dutch Shell,Marie,Collier,+31 62 4312332,"Peters Causeway 65, 31846 Groningen"
Heineken,Melissa,Williams,+31 29 1658420,"Guzman Cove 3, 26019 Utrecht"
Heineken,Anna,Carrillo,+31 59 6303870,"Anderson Pine 122, 42894 Utrecht"
ABN AMRO,Hannah,Rasmussen,+31 61 4417592,"Kristy Mountain 86, 45232 Haarlem"
Heineken,Linda,Cherry,+31 77 8716910,"Rhonda Centers 188, 00841 Breda"
ING Groep,Scott,Castro,+31 95 2902695,"Derek Coves 160, 36148 Rotterdam"
Philips,Jessica,Keller,+31 93 4934974,"Baker Estate 71, 12553 Eindhoven"
ABN AMRO,William,Williams,+31 75 9359222,"Jessica Square 12, 32626 Nijmegen"
Heineken,Richard,Robinson,+31 79 9984369,"Melanie Burgs 128, 00844 Groningen"
KPMG,Renee,Caldwell,+31 73 5474861,"Austin Wells 78, 83979 Tilburg"
Royal Dutch Shell,John,Nguyen,+31 20 6663238,"Navarro Vista 37, 34712 Breda"
KPMG,James,Sutton,+31 20 5699801,"Lowe Overpass 2, 33919 Amsterdam"
ASML,Terri,Perez,+31 34 2663784,"Joshua Radial 193, 11474 Utrecht"
Rabobank,Anne,Copeland,+31 81 5591008,"Larson Row 106, 60187 Eindhoven"
Ahold Delhaize,Mary,Rasmussen,+31 80 9852103,"Edward Groves 138, 50546 Amsterdam"
Heineken,Denise,Rice,+31 40 4668211,"Kyle Brook 189, 12543 Haarlem"
Royal Dutch Shell,David,Sanchez,+31 18 9307890,"Camacho Corner 59, 20871 Nijmegen"
Heineken,Lisa,Roberts,+31 98 4788908,"Cook Mission 19, 90553 Groningen"
Heineken,Kathleen,Mcfarland,+31 47 1262532,"Wells Bypass 116, 98222 Groningen"
ASML,Matthew,Lynch,+31 29 1540581,"Fowler Village 177, 44651 Rotterdam"
Heineken,Dawn,Velez,+31 37 8962198,"Gary Corner 57, 44631 Haarlem"
ABN AMRO,Robert,Davis,+31 44 5617527,"Bradley Meadows 107, 76450 Utrecht"
KPMG,Brenda,Riddle,+31 59 1464192,"Barrett Lodge 2, 50591 Eindhoven"
Rabobank,Jessica,Padilla,+31 96 9775579,"Michael Spur 79, 08542 Tilburg"
Philips,Amy,Robinson,+31 98 7177261,"John Loop 93, 62538 Utrecht"
DSM,James,Romero,+31 61 4824856,"Mccullough Loop 99, 34311 Utrecht"
Philips,Kyle,Byrd,+31 61 8853892,"Montgomery Route 200, 48108 Rotterdam"
ASML,Brianna,Harmon,+31 85 8882704,"Amy Island 153, 86535 Almere"
ASML,Mary,Rose,+31 98 8527237,"Lee Ridges 96, 88686 Rotterdam"
KPMG,Charles,Foster,+31 22 9130685,"Kimberly Course 4, 42702 Haarlem"
Philips,Linda,Robinson,+31 92 8708508,"Estrada Way 165, 20398 Amsterdam"
Heineken,Timothy,Noble,+31 28 6612137,"Gregory Glen 39, 96934 Utrecht"
KPMG,Cristina,Sanders,+31 41 7371984,"Brown Stravenue 48, 27421 Amsterdam"
ABN AMRO,Abigail,Brown,+31 80 1727281,"Hutchinson Curve 113, 20260 Nijmegen"
Rabobank,Stacey,Jarvis,+31 94 9354624,"Eddie Ridge 48, 61615 Amsterdam"
Philips,Adrian,Smith,+31 79 9854885,"Watson Path 142, 16856 Amsterdam"
Rabobank,Sharon,Spencer,+31 38 1362101,"Sanchez Lane 129, 15675 Groningen"
Rabobank,James,White,+31 66 1389611,"Brandon View 60, 88916 Nijmegen"
Philips,Megan,Allen,+31 49 8788672,"Jeffrey Trail 112, 97671 Utrecht"
ASML,Christopher,Briggs,+31 10 6159855,"Kenneth Mills 119, 93221 Eindhoven"
KPMG,Curtis,Thompson,+31 75 8106441,"Jennifer Summit 160, 99142 Amsterdam"
Ahold Delhaize,Judy,Williams,+31 46 5482391,"Smith Ports 46, 71090 Almere"
Royal Dutch Shell,Jillian,Rodriguez,+31 77 6719575,"Hopkins Tunnel 88, 54456 Amsterdam"
ING Groep,Jeffrey,Reid,+31 27 4323402,"Anderson Greens 92, 77849 Nijmegen"
Philips,Alison,Harris,+31 34 9784301,"Lauren Villages 32, 03738 Utrecht"
Philips,Reginald,Reid,+31 21 5219398,"Gray Centers 29, 79364 Utrecht"
ABN AMRO,Jennifer,Jacobson,+31 58 8981439,"Larry Corners 183, 23282 Rotterdam"
ASML,Randy,Ryan,+31 70 1418088,"Alvarez Tunnel 35, 63730 Almere"
ING Groep,Brandy,Mathews,+31 72 8569221,"Brown Route 87, 59613 Utrecht"
KPMG,Karen,Cook,+31 35 7194438,"Derek Walks 74, 47873 Nijmegen"
KPMG,Madeline,Maldonado,+31 40 2164311,"Benjamin Greens 165, 84975 Utrecht"
Rabobank,Kelly,Chandler,+31 67 6861566,"Olivia Crescent 98, 97812 Rotterdam"
Philips,Cynthia,Kelly,+31 10 7280245,"Stevenson Court 25, 39698 Amsterdam"
Heineken,Patricia,Mitchell,+31 84 2839509,"Susan Landing 16, 63741 Almere"
Royal Dutch Shell,Joshua,Richardson,+31 12 1345813,"Angela Trafficway 170, 97316 Amsterdam"
Ahold Delhaize,Allison,Romero,+31 84 3849807,"Joseph Lakes 70, 70196 Almere"
ING Groep,Lawrence,Webster,+31 77 3370321,"Connie Valleys 115, 19162 Amsterdam"
Heineken,Russell,Melton,+31 70 3452880,"Steven Mission 199, 13280 Eindhoven"
KPMG,Robert,Sanders,+31 32 9558762,"Fox Gateway 42, 93982 Haarlem"
KPMG,Olivia,Hall,+31 75 7772011,"Garcia Fields 59, 03451 Tilburg"
KPMG,Sydney,Roth,+31 88 9761314,"Smith Meadow 78, 52235 Groningen"
KPMG,Andre,Pugh,+31 64 4889768,"Elliott Trafficway 54, 82283 Almere"
ING Groep,Kelly,Wolfe,+31 37 9275573,"Sarah Freeway 111, 50757 Rotterdam"
ABN AMRO,Melissa,Sanchez,+31 89 7075903,"Janice Plain 129, 20657 Breda"
ABN AMRO,Karen,Scott,+31 91 8168572,"Kim Camp 67, 38523 Almere"
Heineken,Valerie,Gonzalez,+31 23 5286358,"Warren Prairie 193, 23798 Utrecht"
DSM,Charles,Howell,+31 74 9792604,"Heather Extensions 77, 23979 Breda"
Rabobank,Kristin,Johnson,+31 56 8568896,"Baker Crest 53, 00836 Almere"
DSM,Regina,Moses,+31 12 1382139,"Nelson Greens 101, 52041 Amsterdam"
Philips,Lori,Black,+31 62 1096679,"Henry Stravenue 191, 53604 Rotterdam"
KPMG,Deanna,Day,+31 33 3413726,"John Alley 178, 97579 Amsterdam"
Rabobank,Sandra,Johnson,+31 63 1166653,"Cynthia Coves 15, 78679 Haarlem"
ABN AMRO,Charles,Williamson,+31 58 9808075,"Lopez Springs 75, 36575 Utrecht"
Ahold Delhaize,Tara,Bryant,+31 97 9128418,"Owens Island 141, 12337 Rotterdam"
Ahold Delhaize,Kristy,Weaver,+31 87 8613270,"Veronica Circle 79, 23556 Nijmegen"
ING Groep,Eric,Wilkinson,+31 93 7491872,"Young Ridge 106, 50894 Nijmegen"
Philips,Stacy,Harvey,+31 58 4472415,"Cruz Rapids 98, 65520 Rotterdam"
DSM,Ethan,Jimenez,+31 51 5265710,"Blevins Shores 150, 68001 Groningen"
Ahold Delhaize,Emily,Arnold,+31 66 8787260,"Michael Highway 121, 20232 Groningen"
ASML,Samantha,Thompson,+31 23 1419337,"Holly Vista 39, 38912 Nijmegen"
ABN AMRO,Pamela,Scott,+31 88 9382132,"James Summit 30, 63267 Rotterdam"
KPMG,Jorge,Rios,+31 45 6177192,"Susan Junctions 163, 72161 Groningen"
ASML,Diane,Harrison,+31 72 5255096,"Bryant Circle 106, 45619 Eindhoven"
ING Groep,Daniel,Duran,+31 88 1595459,"Miranda Crossing 98, 25820 Rotterdam"
DSM,Traci,Cisneros,+31 92 7210233,"Ware Village 70, 15410 Groningen"
Ahold Delhaize,Alan,Smith,+31 11 5818909,"Michelle Way 69, 83082 Groningen"
Ahold Delhaize,Leslie,Carson,+31 21 9904189,"Roberta Grove 119, 59305 Tilburg"
KPMG,Jonathan,Salinas,+31 90 1789893,"Murray Tunnel 186, 36323 Eindhoven"
ASML,Kelly,Brennan,+31 39 9415178,"Sara Courts 6, 42167 Groningen"
Rabobank,April,Ellis,+31 78 8827753,"James Forks 83, 16812 Groningen"
Philips,Darren,Simmons,+31 23 3916731,"Meyer Bridge 121, 56690 Almere"
ING Groep,Angela,Jefferson,+31 95 1450295,"Samantha Land 47, 19759 Tilburg"
Heineken,Timothy,James,+31 12 1186586,"Mario Turnpike 89, 25837 Almere"
ING Groep,Ruben,Perez,+31 78 4833350,"Sims Hill 160, 58459 Breda"
KPMG,Henry,Carter,+31 41 7675598,"Barrett Hills 188, 09014 Haarlem"
Philips,Sophia,Edwards,+31 37 6085279,"Sandra Pines 4, 47334 Nijmegen"
DSM,Rachel,Lee,+31 25 9724276,"Crystal Lodge 10, 50926 Amsterdam"
KPMG,Lynn,Calhoun,+31 92 9258272,"Bishop Fork 120, 31541 Nijmegen"
KPMG,Donald,Powell,+31 77 2665252,"Washington Plains 136, 37024 Almere"
ING Groep,Jack,Buchanan,+31 87 2345493,"Perez Fort 157, 91415 Tilburg"
ABN AMRO,Jill,Miranda,+31 59 8189460,"Smith Points 178, 38227 Almere"
ASML,Joy,Rodriguez,+31 17 4625449,"Molly Crossing 66, 83928 Groningen"
DSM,Steven,Lozano,+31 45 8753958,"Darryl Station 74, 14773 Haarlem"
ABN AMRO,Glen,Adams,+31 63 4544034,"Victor Extension 33, 66027 Nijmegen"
DSM,Katherine,Davis,+31 49 4669558,"Lozano Centers 58, 40189 Utrecht"
KPMG,Scott,Foley,+31 60 6806260,"Troy Shores 108, 43339 Eindhoven"
DSM,Alexander,Moreno,+31 43 9275164,"Luis Orchard 177, 59336 Nijmegen"
ING Groep,Dakota,Hamilton,+31 99 5024717,"Waters Loop 82, 04552 Utrecht"
Heineken,Julie,Peterson,+31 17 4059700,"Mcdonald Passage 72, 18512 Haarlem"
KPMG,Stephanie,Willis,+31 24 6373080,"Preston Shoal 59, 70279 Almere"
Rabobank,Blake,Wright,+31 99 7529268,"Reed Circles 86, 12103 Almere"
Heineken,Matthew,Juarez,+31 74 7196029,"Melissa Spurs 70, 65215 Haarlem"
ING Groep,Laura,Andrews,+31 56 1827510,"Jennifer Stream 30, 99030 Amsterdam"
Rabobank,Tami,Browning,+31 74 9298358,"Rebecca Path 149, 81868 Almere"
KPMG,Ana,Becker,+31 97 8785874,"David Road 101, 42407 Eindhoven"
DSM,Steven,Martin,+31 29 3807064,"Herrera Locks 31, 76719 Tilburg"
ABN AMRO,Rachel,Scott,+31 22 9478794,"Gordon Ports 49, 33239 Almere"
Ahold Delhaize,Sean,Castillo,+31 39 4825583,"Angelica Brook 83, 19538 Amsterdam"
Rabobank,Shelby,Green,+31 81 4409919,"Brewer Court 26, 09691 Amsterdam"
KPMG,William,Salazar,+31 70 1179168,"Ross Walk 153, 56570 Nijmegen"
DSM,Wayne,Wood,+31 56 7739511,"Castillo Trafficway 29, 45424 Eindhoven"
KPMG,Philip,Newman,+31 30 9299356,"Matthew Landing 16, 88808 Rotterdam"
DSM,Maria,Ward,+31 97 6774678,"Kristin Valley 89, 16395 Eindhoven"
KPMG,Bradley,Manning,+31 74 9951102,"Wright Garden 57, 12997 Utrecht"
Philips,Miguel,Brown,+31 29 4481274,"Evelyn Ramp 25, 50637 Amsterdam"
Philips,Jose,Aguirre,+31 23 4479372,"Richard Village 11, 57575 Nijmegen"
ASML,Darlene,Luna,+31 37 9542305,"Miller Camp 130, 30730 Breda"
Royal Dutch Shell,John,Campbell,+31 53 7782305,"Hernandez Radial 131, 14512 Almere"
Royal Dutch Shell,Amanda,Potter,+31 66 4848941,"Anthony Point 7, 87812 Haarlem"
Royal Dutch Shell,Brandon,Diaz,+31 35 1953354,"Obrien Light 160, 92649 Utrecht"
DSM,Angela,Huang,+31 90 5449984,"Susan Estates 184, 86800 Groningen"
DSM,Edward,Frederick,+31 59 7128310,"Kristin Stream 197, 50175 Utrecht"
Philips,Hannah,Norris,+31 95 4138345,"Dougherty Dam 182, 13705 Rotterdam"
Rabobank,Andrea,Brewer,+31 80 8170146,"Kristen Spur 69, 74647 Groningen"
Heineken,Joan,Wolfe,+31 41 2788993,"Todd Avenue 43, 21162 Rotterdam"
ASML,Michael,Anderson,+31 16 4748875,"Leah Cove 23, 63032 Nijmegen"
Heineken,Sarah,Mccann,+31 40 8472278,"Corey Mission 88, 40447 Breda"
Ahold Delhaize,Ashley,Garcia,+31 15 2454158,"Robert Run 127, 43179 Rotterdam"
ING Groep,Jeffrey,Jefferson,+31 68 3339356,"Maria Glens 101, 95829 Breda"
Rabobank,Paul,Rivera,+31 30 5796134,"Emily Key 103, 00931 Utrecht"
Philips,Patricia,Reed,+31 69 6976595,"Rodriguez Village 153, 66407 Breda"
Heineken,Emily,Bond,+31 56 7124434,"Derrick Mountain 32, 16475 Almere"
ASML,Garrett,Thompson,+31 16 3947888,"Edward Streets 170, 24219 Rotterdam"
ING Groep,Brian,Rodriguez,+31 50 2355039,"Bell Brooks 194, 62981 Almere"
Philips,Michael,Johnson,+31 80 4984472,"Christopher Tunnel 26, 40858 Rotterdam"
ABN AMRO,Anthony,Harper,+31 20 4176254,"Blair Turnpike 72, 97734 Tilburg"
Heineken,Joshua,Huff,+31 11 7515280,"Tammy Drives 31, 42145 Haarlem"
Ahold Delhaize,Isaac,Duncan,+31 80 6776218,"Kaufman Mews 1, 83981 Almere"
Rabobank,Timothy,Harris,+31 57 4695994,"Andrew Heights 164, 83020 Amsterdam"
Ahold Delhaize,Marcus,Fitzgerald,+31 36 1474281,"Johnson Valleys 73, 33607 Eindhoven"
Rabobank,Marie,Hicks,+31 28 3333534,"Ramos Street 62, 70539 Groningen"
KPMG,Ryan,Edwards,+31 13 2947967,"Anne Knoll 123, 80980 Nijmegen"
Philips,William,Thompson,+31 20 6611525,"Vargas Shoal 80, 49814 Tilburg"
ASML,Jennifer,Olson,+31 31 2636052,"Alan Pass 160, 63394 Utrecht"
ASML,Amber,Reed,+31 69 5990544,"Joseph Parks 101, 03512 Groningen"
Philips,Matthew,Robinson,+31 63 9601311,"Blackwell Tunnel 82, 01417 Haarlem"
ABN AMRO,Veronica,Smith,+31 83 2098690,"Dawn Mountain 176, 73289 Groningen"
Heineken,David,Valencia,+31 91 3394128,"Norton Cliff 195, 26694 Almere"
Philips,Matthew,Rodriguez,+31 36 1677044,"David Mission 196, 45149 Utrecht"
ASML,Brianna,Melton,+31 83 1573717,"Jackson Lodge 196, 53846 Groningen"
Ahold Delhaize,Brandon,Schaefer,+31 13 9096484,"Hernandez Walk 115, 60691 Eindhoven"
Rabobank,Jeffrey,Lloyd,+31 77 9470539,"Donna Mountains 44, 39028 Nijmegen"
ASML,Tracy,Gray,+31 59 7648811,"Miller Point 149, 76682 Haarlem"
ING Groep,Alan,Daugherty,+31 60 4829899,"Ryan Knolls 114, 71906 Groningen"
Philips,Lori,Warren,+31 92 8818177,"Nichols Highway 147, 11344 Eindhoven"
Rabobank,Jacob,Gonzalez,+31 90 1172279,"Connie Motorway 45, 35101 Haarlem"
Heineken,Amy,Stephens,+31 86 8065391,"White Dam 110, 65188 Eindhoven"
ING Groep,Michael,Chavez,+31 83 8697969,"Tara Islands 64, 07573 Amsterdam"
Rabobank,Autumn,Wilson,+31 31 5746836,"Ashley Gateway 110, 06568 Haarlem"
KPMG,Autumn,Brown,+31 14 7136266,"York Viaduct 68, 93079 Amsterdam"
Rabobank,Terri,Charles,+31 29 4461953,"Harris Ridge 12, 05727 Nijmegen"
Heineken,Whitney,Wilcox,+31 52 4610965,"Gina Coves 144, 61731 Tilburg"
Royal Dutch Shell,Kim,Mills,+31 70 2315127,"Jesse Plains 55, 65260 Almere"
ABN AMRO,John,Beasley,+31 10 8649722,"Ethan Fields 50, 75818 Tilburg"
KPMG,Joy,Weber,+31 30 5607616,"Santos Pike 79, 27457 Eindhoven"
Ahold Delhaize,Samuel,Lang,+31 27 3480504,"Scott Plaza 185, 69463 Rotterdam"
Ahold Delhaize,Jason,Gilbert,+31 60 9825437,"Thomas Court 143, 33251 Tilburg"
ASML,Victor,Mcgee,+31 37 9461041,"White Squares 181, 52778 Breda"
Rabobank,Andrea,Alvarez,+31 61 7342479,"William Glens 170, 47031 Tilburg"
ING Groep,Debra,Morrison,+31 37 8492584,"Taylor Trace 154, 45194 Nijmegen"
ABN AMRO,Suzanne,Vargas,+31 68 6532087,"Amy Falls 165, 93205 Groningen"
ING Groep,Sara,Serrano,+31 69 9476715,"Johnson Throughway 41, 95218 Groningen"
Ahold Delhaize,Megan,Harris,+31 23 3156675,"Moreno Ports 23, 20369 Groningen"
Ahold Delhaize,Sean,Larson,+31 39 8086138,"Dominguez Canyon 126, 22732 Groningen"
Heineken,Steven,Lewis,+31 32 4397510,"Jacob Crest 100, 94693 Utrecht"
Philips,Gary,Gray,+31 25 6051329,"Harrison Plains 171, 22656 Groningen"
Rabobank,Paul,Esparza,+31 95 9262751,"Meghan Orchard 21, 23102 Amsterdam"
ASML,John,Gonzalez,+31 42 7011358,"Ronald Courts 169, 90202 Rotterdam"
ABN AMRO,Kevin,Hamilton,+31 49 6041383,"Kenneth Loop 37, 78103 Haarlem"
DSM,Christopher,Smith,+31 24 9783976,"Jason Burgs 109, 08920 Eindhoven"
Royal Dutch Shell,Christopher,Hernandez,+31 55 4131715,"Farrell Crescent 157, 85495 Breda"
Royal Dutch Shell,Brittany,Boone,+31 34 5051474,"Hurst Mountains 12, 07036 Amsterdam"
Royal Dutch Shell,Brian,Moore,+31 25 2251419,"John Harbors 63, 87071 Haarlem"
KPMG,Kristen,Turner,+31 53 2137590,"Davenport Village 75, 40916 Rotterdam"
ASML,Nicole,Michael,+31 98 8680109,"Lee Shores 125, 89274 Groningen"
Rabobank,William,Cook,+31 95 9543835,"Wheeler Prairie 145, 39905 Nijmegen"
Heineken,Scott,Andrews,+31 13 8836568,"Neal Rue 176, 02483 Haarlem"
KPMG,Caleb,Hughes,+31 68 5112889,"Tammy River 31, 91051 Tilburg"
Rabobank,Joshua,Burke,+31 75 1430877,"Wilcox Junction 33, 20637 Amsterdam"
Heineken,Richard,Dunn,+31 37 2959587,"Gregory Row 50, 36190 Haarlem"
Rabobank,Ryan,Johnson,+31 58 2347797,"Sean Lights 164, 95023 Almere"
Royal Dutch Shell,Susan,Reyes,+31 27 3644261,"Daniel Road 160, 74379 Nijmegen"
Philips,Jared,Lewis,+31 34 7971953,"Vincent Points 37, 36959 Haarlem"
DSM,Ann,Brown,+31 47 6119832,"Daniel Mill 18, 38543 Tilburg"
Heineken,Sally,Rodgers,+31 64 9324029,"Hardin Corner 15, 42858 Groningen"
DSM,Randall,Mcdaniel,+31 35 6600010,"Stephenson Way 61, 36464 Groningen"
ING Groep,James,Garner,+31 55 1924300,"Destiny Rest 46, 01038 Utrecht"
Royal Dutch Shell,Amy,Gibson,+31 50 8988688,"Heath Via 46, 54811 Groningen"
KPMG,Donald,Huynh,+31 19 3768838,"Weber Heights 195, 81120 Eindhoven"
ASML,Sarah,Perry,+31 67 3469853,"Jeffrey Bypass 111, 33127 Breda"
DSM,Kyle,Turner,+31 38 5547322,"Butler Flat 159, 49978 Almere"
Rabobank,Melissa,Mejia,+31 60 6113315,"Thomas Groves 67, 16743 Amsterdam"
Heineken,Richard,Duran,+31 11 4125003,"Jeremiah Pine 11, 59613 Rotterdam"
Royal Dutch Shell,Brittany,Miller,+31 18 6064712,"Johnson Rue 109, 72614 Groningen"
Ahold Delhaize,Stephanie,Williamson,+31 51 8702161,"Hodges Springs 67, 80682 Utrecht"
Ahold Delhaize,Brian,Smith,+31 90 8313880,"Brennan Hollow 69, 43618 Amsterdam"
ING Groep,Jonathan,Cunningham,+31 41 1749220,"Scott Lock 61, 45538 Eindhoven"
Ahold Delhaize,John,Martin,+31 40 9187685,"Pacheco Village 103, 40993 Breda"
Ahold Delhaize,Eric,Schultz,+31 83 5517192,"Kelly Landing 26, 31087 Eindhoven"
DSM,Zachary,Fisher,+31 80 3353178,"Mary Curve 61, 85390 Utrecht"
Royal Dutch Shell,Cheryl,Flores,+31 64 9170443,"Kenneth Village 10, 15723 Groningen"
KPMG,Raymond,Peters,+31 58 9616089,"Jennifer Square 157, 48053 Almere"
Philips,Tamara,Liu,+31 97 3915031,"Stephanie Mill 83, 63985 Breda"
KPMG,William,Edwards,+31 13 8257241,"Cook Crescent 27, 53447 Amsterdam"
DSM,David,Anderson,+31 94 1369676,"Greene Center 141, 52669 Groningen"
ABN AMRO,Teresa,Hunter,+31 86 3882355,"Allison Skyway 93, 26491 Amsterdam"
Royal Dutch Shell,Billy,Reed,+31 53 1122784,"Michele Locks 189, 59210 Tilburg"
KPMG,Cathy,Hardy,+31 14 4104464,"Katherine Prairie 3, 31653 Breda"
KPMG,Samantha,Gray,+31 81 9487757,"Mitchell Junction 29, 41965 Amsterdam"
Rabobank,Michael,Evans,+31 12 4025621,"Elizabeth Fords 135, 41624 Tilburg"
Heineken,Elizabeth,Hart,+31 89 1164238,"Christopher Passage 139, 19263 Rotterdam"
Philips,Brent,Armstrong,+31 54 3266812,"Carrie Mews 30, 99786 Nijmegen"
DSM,Mary,Young,+31 39 4358332,"Anderson Shoal 89, 42930 Tilburg"
KPMG,Zachary,Bullock,+31 71 6518065,"Garcia Fall 129, 71395 Groningen"
ABN AMRO,Maria,Bowers,+31 45 5158847,"Williams Corners 115, 37659 Tilburg"
ABN AMRO,Marcus,Barber,+31 62 7261234,"Victor Hill 116, 67643 Haarlem"
Heineken,Daniel,Fields,+31 98 4976184,"Boyd Shores 21, 84451 Nijmegen"
ING Groep,John,Gonzales,+31 47 8750923,"Tucker Brooks 38, 20383 Groningen"
KPMG,Jennifer,Smith,+31 99 5667563,"Figueroa Pike 21, 14952 Utrecht"
Ahold Delhaize,Ana,Gamble,+31 16 9846410,"Zamora Coves 117, 03834 Amsterdam"
Philips,Samuel,Franklin,+31 59 1541428,"Smith Knolls 92, 45012 Haarlem"
Rabobank,Sally,Brown,+31 11 4210941,"Fox Keys 187, 36191 Nijmegen"
ABN AMRO,Melanie,Mason,+31 98 8482461,"Jennifer Highway 50, 94016 Eindhoven"
Rabobank,Keith,Sullivan,+31 32 9455067,"Sarah Points 67, 68298 Groningen"
Heineken,Katherine,Sanchez,+31 50 9965420,"Jermaine Stream 93, 40014 Utrecht"
Royal Dutch Shell,Karen,Khan,+31 93 8444645,"Banks View 161, 87469 Breda"
ABN AMRO,Valerie,Williamson,+31 22 3562349,"Brittney Harbors 118, 90689 Eindhoven"
KPMG,Eric,Jones,+31 19 3362399,"Juarez Path 181, 11749 Almere"
ABN AMRO,Brenda,Estes,+31 45 6528758,"Joshua Garden 92, 10635 Almere"
Philips,Lauren,Frazier,+31 43 3760898,"Herrera Groves 102, 97540 Tilburg"
Rabobank,Ashley,Adkins,+31 36 6351518,"Powell Mall 41, 73136 Haarlem"
DSM,Alexa,Andrews,+31 17 3589538,"Lopez Cliffs 118, 25008 Amsterdam"
ABN AMRO,Albert,Lopez,+31 60 2145287,"Pena Ville 174, 78676 Breda"
KPMG,Megan,Campbell,+31 17 3753391,"Hannah Hill 128, 26282 Groningen"
DSM,Robert,Castro,+31 13 1317819,"Fletcher Stream 184, 07083 Nijmegen"
ASML,Sandra,Gardner,+31 63 7428149,"Paul Roads 122, 55912 Nijmegen"
Rabobank,Julie,Fernandez,+31 81 8481663,"Kemp Falls 165, 57259 Haarlem"
Heineken,Cassie,Evans,+31 58 7551966,"Deborah Drives 105, 35166 Tilburg"
DSM,Barbara,Allen,+31 40 3517404,"Singleton Stravenue 114, 57278 Utrecht"
ASML,Scott,Stanley,+31 33 2222998,"Robinson Crest 8, 14374 Eindhoven"
Royal Dutch Shell,Barbara,Thomas,+31 71 6844112,"Nicholas Courts 70, 48392 Eindhoven"
Rabobank,Jason,Heath,+31 11 8079135,"Carlos Circles 118, 33160 Haarlem"
Ahold Delhaize,Kaitlin,Smith,+31 90 6580880,"Rush Glens 135, 35991 Almere"
ING Groep,Erin,Morris,+31 15 2200369,"Freeman River 80, 25750 Breda"
Ahold Delhaize,Thomas,Robinson,+31 38 4601502,"Tim Summit 133, 77609 Nijmegen"
ABN AMRO,Diane,Maddox,+31 42 2635960,"David Highway 3, 47431 Rotterdam"
ING Groep,Christopher,Doyle,+31 37 9066497,"Contreras Stream 27, 53381 Rotterdam"
KPMG,Thomas,Cowan,+31 74 8455647,"Mueller Tunnel 153, 50102 Eindhoven"
Rabobank,Ashley,Meyer,+31 86 3954368,"Wood Ports 62, 73339 Breda"
Royal Dutch Shell,Zachary,Johnson,+31 49 3447899,"Grant Estate 34, 02907 Groningen"
Philips,Kevin,Garrison,+31 77 1278104,"Johnson Drive 121, 27752 Groningen"
ABN AMRO,Jessica,Golden,+31 33 3928477,"Kristy Ramp 85, 22904 Amsterdam"
ING Groep,Stephen,Aguirre,+31 28 6216859,"Christopher River 152, 60035 Nijmegen"
Royal Dutch Shell,Anthony,Johnson,+31 49 5772761,"Bryan Curve 21, 59581 Breda"
DSM,Joshua,Wood,+31 41 2993475,"Murphy Squares 80, 97532 Eindhoven"
KPMG,Angela,Mccormick,+31 99 9158736,"Bauer Road 126, 22844 Amsterdam"
ABN AMRO,Scott,Chavez,+31 79 5317535,"Fuentes Stream 56, 15021 Eindhoven"
Rabobank,Joanne,Butler,+31 68 5538798,"Fowler Mountain 109, 42908 Breda"
Rabobank,Adam,Richardson,+31 42 7930066,"Friedman Highway 199, 33493 Haarlem"
Heineken,Jim,Sullivan,+31 24 7509933,"Paige Mall 188, 79687 Nijmegen"
Ahold Delhaize,Travis,Chambers,+31 98 3716456,"Andrew Lake 71, 98456 Eindhoven"
KPMG,Michele,Lam,+31 40 8934521,"Jennifer Roads 186, 39148 Rotterdam"
Royal Dutch Shell,Sherry,Rasmussen,+31 67 2273764,"Keith Trail 186, 54074 Utrecht"
ASML,Timothy,Wilson,+31 73 4978816,"Pham Square 185, 18342 Breda"
Rabobank,Megan,Ortega,+31 28 6498056,"Nguyen Branch 20, 62327 Rotterdam"
Rabobank,Leah,Phillips,+31 56 8548419,"Alex Hill 199, 18436 Eindhoven"
KPMG,Michelle,Brooks,+31 55 6633877,"Perry Prairie 199, 45056 Rotterdam"
ING Groep,Cheryl,Conner,+31 85 7152129,"Randall Inlet 143, 75739 Groningen"
Ahold Delhaize,Katherine,Osborn,+31 55 1776386,"William Spring 18, 84646 Amsterdam"
Ahold Delhaize,Victoria,Combs,+31 60 7831432,"Garcia Manor 129, 79635 Utrecht"
Philips,Jason,Cantrell,+31 90 4963135,"Brian Place 77, 72103 Eindhoven"
ABN AMRO,Monica,Fisher,+31 75 3242457,"Patterson Forest 166, 94943 Groningen"
DSM,Glen,Logan,+31 74 4707905,"Mark Mission 82, 20937 Groningen"
Heineken,Bryan,Fritz,+31 71 5307726,"Contreras Alley 187, 19550 Almere"
DSM,Gina,Ross,+31 64 3228860,"Jacob Gardens 107, 13236 Almere"
Ahold Delhaize,Deborah,Rodriguez,+31 97 9304735,"Walker Ville 173, 22960 Nijmegen"
Royal Dutch Shell,Ryan,Mitchell,+31 77 7607608,"Dan Stream 57, 64473 Eindhoven"
ING Groep,Michael,Dean,+31 48 7227833,"Heather Avenue 182, 09646 Eindhoven"
DSM,Matthew,Smith,+31 48 7379995,"John Lakes 42, 59891 Almere"
DSM,Tyler,Smith,+31 97 3126361,"Collins Extension 81, 74715 Breda"
Heineken,Danielle,Jacobs,+31 96 1800044,"Charles Unions 54, 12337 Amsterdam"
KPMG,Craig,Reyes,+31 95 1766065,"Tina Junctions 191, 71766 Amsterdam"
Rabobank,Nicholas,Griffin,+31 59 5342431,"Gavin Locks 99, 88891 Nijmegen"
Royal Dutch Shell,Brittany,Gray,+31 92 7265465,"Thomas Extensions 194, 37926 Breda"
Royal Dutch Shell,Natasha,Taylor,+31 92 9903590,"Thomas Roads 191, 84214 Eindhoven"
Ahold Delhaize,Gina,Smith,+31 14 8015722,"Beasley Springs 169, 66585 Tilburg"
Royal Dutch Shell,Tracy,Fritz,+31 69 6171800,"Lowery Oval 4, 63971 Amsterdam"
ASML,Cameron,Andersen,+31 20 8692016,"Burke Loaf 33, 93248 Nijmegen"
DSM,Michael,Alexander,+31 66 6200805,"Moore Gateway 56, 83139 Haarlem"
Heineken,Kevin,Chapman,+31 52 5682533,"Nelson Ford 41, 11776 Tilburg"
DSM,Stephanie,Decker,+31 83 9548491,"Jason Islands 121, 20389 Eindhoven"
DSM,Zachary,Hill,+31 13 3404247,"Robert Well 117, 05125 Groningen"
Philips,John,Campbell,+31 37 4249640,"Cameron Tunnel 141, 06238 Haarlem"
Royal Dutch Shell,Tyler,Landry,+31 24 7789711,"Brooke Circle 80, 20433 Utrecht"
KPMG,Carrie,Ferguson,+31 87 5986174,"Henry Park 132, 20667 Rotterdam"
Ahold Delhaize,Nicholas,Yu,+31 71 6644865,"Connie River 7, 57628 Breda"
Heineken,Christine,Knox,+31 50 2112339,"Daryl Corner 20, 08043 Tilburg"
Heineken,Johnathan,Nelson,+31 82 4878806,"Bryant Causeway 135, 71933 Eindhoven"
ING Groep,Karen,Anderson,+31 50 6089596,"Peter Creek 173, 01441 Almere"
DSM,Bethany,Sloan,+31 56 6970934,"Angel Knolls 115, 53624 Groningen"
DSM,Jonathan,Cannon,+31 54 5297349,"Ford Passage 172, 61879 Groningen"
ABN AMRO,Ian,Garcia,+31 10 8349152,"Deborah Plains 160, 37178 Breda"
KPMG,Kelly,James,+31 46 7140092,"Smith Summit 32, 45375 Tilburg"
Rabobank,Lisa,Luna,+31 56 8114526,"Luna Road 68, 60811 Eindhoven"
DSM,John,Bennett,+31 84 6468903,"Richard View 134, 52770 Haarlem"
DSM,Shawn,Luna,+31 25 8911511,"Houston Road 111, 13109 Nijmegen"
ABN AMRO,Carolyn,Le,+31 75 3271508,"Gerald Flats 71, 80490 Groningen"
ASML,Michael,Williams,+31 18 9849323,"Kevin Cliffs 72, 20555 Utrecht"
Heineken,Steven,Jordan,+31 24 4707080,"Bailey Drive 172, 67409 Haarlem"
DSM,Melissa,Goodwin,+31 44 5751132,"Randolph Isle 48, 76675 Haarlem"
Ahold Delhaize,Eugene,Cooley,+31 44 8455307,"Bryant Curve 7, 60639 Haarlem"
Ahold Delhaize,James,Reed,+31 15 1805965,"Edwards Harbors 189, 11315 Eindhoven"
Heineken,Patricia,Fowler,+31 14 3316443,"Mayer Walks 179, 25167 Groningen"
Ahold Delhaize,Eric,Larsen,+31 99 6219815,"Anna Squares 125, 96435 Amsterdam"
DSM,Theresa,Collins,+31 17 2311516,"Wolfe Harbors 154, 81170 Amsterdam"
ABN AMRO,Ashley,Baker,+31 37 1284843,"Alvarado Creek 114, 55576 Groningen"
DSM,Shane,King,+31 60 7026789,"Macdonald Mall 165, 66775 Almere"
DSM,Barry,Anderson,+31 50 9727243,"Michelle Vista 13, 02021 Almere"
ING Groep,Natalie,Adkins,+31 46 4442514,"Peck Cliffs 112, 13170 Rotterdam"
KPMG,Rebecca,Wright,+31 28 6909396,"William Tunnel 31, 25665 Amsterdam"
Philips,Mario,Collins,+31 73 2778105,"Cheryl Drive 62, 12669 Nijmegen"
Rabobank,Danielle,Gallegos,+31 86 2562230,"Williams Prairie 75, 09131 Almere"
KPMG,Paul,Jenkins,+31 81 5929322,"Nichole Crossing 2, 87210 Amsterdam"
Ahold Delhaize,Tricia,Bowman,+31 24 9960017,"Robert Mountains 142, 66188 Breda"
Philips,Megan,Foster,+31 16 5238616,"Peterson Lake 181, 02874 Nijmegen"
DSM,Toni,Oconnor,+31 23 6833236,"Mason Course 11, 58096 Breda"
Royal Dutch Shell,Jennifer,Manning,+31 30 2912169,"Nathan Roads 29, 41250 Amsterdam"
Ahold Delhaize,James,Carter,+31 33 9859482,"Lynn Circles 1, 14703 Rotterdam"
ABN AMRO,Linda,Savage,+31 59 3602558,"Joshua Motorway 43, 51114 Eindhoven"
KPMG,Andrea,Hunter,+31 26 8481009,"Paula Throughway 25, 28506 Almere"
Heineken,Diana,Davis,+31 22 3794025,"Jennings Burg 78, 80323 Utrecht"
Rabobank,Wesley,Scott,+31 72 4171673,"Sherry Neck 191, 58351 Nijmegen"
ASML,Abigail,Evans,+31 85 6356472,"Foster Forest 118, 52736 Utrecht"
Royal Dutch Shell,Erin,Briggs,+31 52 5432510,"Julia Knolls 33, 19596 Amsterdam"
Heineken,Kenneth,Barber,+31 92 1934700,"Harrison Cove 145, 88190 Breda"
DSM,Kristen,Rowe,+31 36 7949457,"Brandy Centers 186, 09193 Amsterdam"
Philips,Aaron,Wagner,+31 78 6500988,"Matthew Inlet 168, 14398 Breda"
DSM,Derek,Mcbride,+31 62 6642915,"Tammy Trail 93, 92587 Utrecht"
Philips,Jessica,Reed,+31 55 5704220,"Williams Lodge 175, 42875 Breda"
Rabobank,Tracy,Tucker,+31 13 2709629,"Hansen Motorway 133, 30698 Groningen"
ABN AMRO,Kiara,Rodgers,+31 87 9765163,"Douglas Burgs 90, 54001 Nijmegen"
Ahold Delhaize,Andrew,Mckinney,+31 88 3497223,"Cheryl Prairie 43, 71288 Amsterdam"
Rabobank,Kristin,Ferguson,+31 36 6941008,"Gross Gardens 41, 06264 Amsterdam"
Royal Dutch Shell,Barbara,Smith,+31 24 2114005,"Vincent Summit 88, 06241 Breda"
Philips,Thomas,Ellis,+31 58 2493242,"Jacobs Hill 132, 18277 Eindhoven"
Royal Dutch Shell,John,Ruiz,+31 49 7095839,"David Glens 146, 12064 Almere"
Ahold Delhaize,Victoria,Smith,+31 26 5868848,"Matthew Lodge 97, 38842 Groningen"
ABN AMRO,Rachel,Crane,+31 40 8659175,"Jenny Rue 62, 48012 Eindhoven"
ABN AMRO,Danielle,Williams,+31 11 1205662,"Brent Ports 148, 67087 Nijmegen"
KPMG,Anita,Griffith,+31 92 3486424,"Maria View 25, 91505 Amsterdam"
Rabobank,William,Clayton,+31 66 5741934,"Oneal Lakes 173, 98011 Rotterdam"
Heineken,Lorraine,Brown,+31 14 7471786,"Hamilton Mountains 43, 20406 Amsterdam"
DSM,Heather,Jackson,+31 11 7316463,"Miller Row 138, 33172 Nijmegen"
ING Groep,Michael,Brown,+31 51 1563841,"Reid Fields 162, 90003 Amsterdam"
ASML,Katrina,Chandler,+31 36 4922778,"Robinson Knoll 39, 48028 Nijmegen"
Royal Dutch Shell,Jane,Shaffer,+31 80 4750167,"Teresa Throughway 148, 03876 Rotterdam"
DSM,Wendy,Hart,+31 61 8608608,"Carlos Ports 93, 88404 Amsterdam"
KPMG,Nancy,Flynn,+31 95 3045168,"Sanchez Light 95, 82391 Breda"
Royal Dutch Shell,Kelly,Fuentes,+31 39 8681754,"Kimberly Forest 136, 49334 Groningen"
Rabobank,Melissa,Miller,+31 60 7328754,"Fuentes Streets 39, 18768 Utrecht"
Ahold Delhaize,Scott,Miller,+31 38 9147110,"Cynthia Stream 55, 34948 Haarlem"
ABN AMRO,Robert,Snow,+31 59 6972304,"Adam Mall 151, 43820 Breda"
ABN AMRO,Paul,Kim,+31 18 8938461,"Ward Shoals 27, 37368 Nijmegen"
ING Groep,Karen,Chavez,+31 72 8726910,"Torres Hills 141, 14937 Rotterdam"
Heineken,Alison,Orr,+31 51 8892963,"Davis Terrace 74, 63405 Nijmegen"
ING Groep,Stephen,Obrien,+31 32 2906804,"Megan Isle 200, 89854 Haarlem"
ABN AMRO,Ryan,Coleman,+31 85 2127087,"Drake Mountain 23, 24801 Tilburg"
KPMG,Brett,Richardson,+31 30 6223604,"William Oval 36, 06957 Rotterdam"
Royal Dutch Shell,Amber,Crawford,+31 85 1939056,"Mathew Light 84, 06053 Haarlem"
ING Groep,Michael,Rice,+31 19 2227295,"Lynch Creek 53, 22109 Tilburg"
Rabobank,Michelle,Diaz,+31 95 5792811,"Cruz Cape 183, 81190 Utrecht"
ABN AMRO,Brandi,Collins,+31 65 7360072,"Charles Common 187, 40427 Amsterdam"
ABN AMRO,Christine,Aguilar,+31 25 7922226,"David Ways 95, 18145 Almere"
Philips,Tyler,Castaneda,+31 64 1412777,"Wendy Islands 191, 72391 Almere"
Rabobank,Dustin,Brown,+31 95 4126711,"Robert Cape 183, 86006 Amsterdam"
Rabobank,Scott,Chavez,+31 58 9426659,"Jasmine Islands 188, 04614 Tilburg"
Royal Dutch Shell,Pamela,Hubbard,+31 21 9496321,"Matthew Tunnel 135, 12217 Eindhoven"
ABN AMRO,Tiffany,Banks,+31 61 8291429,"Johnson Springs 135, 80551 Rotterdam"
DSM,Steven,Trujillo,+31 26 3642471,"Davis Village 135, 52221 Groningen"
ASML,Travis,Cole,+31 49 3939093,"Sims Meadow 6, 52497 Tilburg"
ASML,Donald,Clark,+31 38 1467402,"Mathews Groves 193, 56550 Rotterdam"
KPMG,Allen,Stewart,+31 59 6558962,"Cunningham Forges 172, 69631 Haarlem"
DSM,Joseph,Young,+31 41 3550066,"Ibarra Overpass 2, 81316 Haarlem"
KPMG,Desiree,Hodges,+31 92 9096538,"Hayes Hill 65, 68350 Eindhoven"
DSM,Katie,Thomas,+31 15 3187305,"Amber Square 11, 01742 Nijmegen"
DSM,Ryan,Moore,+31 71 7100756,"Ramos Fort 29, 37939 Tilburg"
Heineken,Johnny,Morrison,+31 28 7384026,"Le Orchard 45, 72625 Amsterdam"
ING Groep,Thomas,Douglas,+31 46 9858356,"Perkins Locks 197, 93918 Almere"
ASML,Sheila,Harrison,+31 58 3325261,"Parks Estates 161, 12862 Breda"
ING Groep,Jennifer,Keller,+31 40 7098317,"Chambers Pike 55, 15654 Nijmegen"
DSM,Gina,Calhoun,+31 24 5765192,"Ronald Spring 122, 96908 Breda"
Rabobank,Perry,Morgan,+31 66 5644813,"Cabrera Brooks 162, 03434 Groningen"
Philips,Mary,Bentley,+31 69 5633839,"Chad Stream 185, 06109 Nijmegen"
Ahold Delhaize,Steven,Frey,+31 64 8469112,"Nguyen Curve 84, 71311 Amsterdam"
Royal Dutch Shell,Jeffrey,Reed,+31 67 5006361,"Joseph Ridges 180, 53386 Nijmegen"
Rabobank,Albert,Thomas,+31 62 3549858,"Monica Mews 44, 58813 Haarlem"
DSM,Julie,White,+31 36 2779442,"Alejandro Square 187, 46433 Amsterdam"
Ahold Delhaize,Troy,Walker,+31 98 9118407,"Maldonado Manor 126, 81725 Almere"
ING Groep,Lisa,Brandt,+31 87 1724340,"Amanda Hill 154, 08809 Amsterdam"
DSM,Chad,Edwards,+31 45 2351563,"Mccarthy Orchard 100, 37601 Breda"
Heineken,Jessica,Williamson,+31 62 3984311,"Williams Plain 133, 29675 Eindhoven"
Royal Dutch Shell,Samuel,Meyer,+31 10 4947066,"Garrett Plains 32, 86362 Eindhoven"
Philips,Kristina,Luna,+31 28 4939183,"Rangel Mills 83, 81732 Groningen"
ASML,Julian,Myers,+31 12 9606043,"Lawrence Row 43, 73057 Utrecht"
KPMG,Adrian,Taylor,+31 75 8384483,"Martin Skyway 123, 53315 Breda"
ABN AMRO,Jennifer,Sexton,+31 69 8507420,"Allison Mill 69, 40109 Haarlem"
Philips,Gregory,Mason,+31 21 4239089,"Thomas Port 178, 57495 Almere"
Philips,Michael,Cook,+31 75 9300845,"Hopkins Viaduct 184, 29992 Amsterdam"
DSM,Elaine,Mcfarland,+31 15 5170399,"Graham Garden 28, 98288 Groningen"
DSM,Valerie,Guzman,+31 48 2309582,"Gross Rapid 21, 39132 Eindhoven"
Rabobank,Robert,Baker,+31 62 9826868,"James Crest 47, 44339 Eindhoven"
Rabobank,Sarah,Fisher,+31 56 9130166,"James Lane 119, 89610 Groningen"
KPMG,Keith,Long,+31 48 1159204,"Giles Trafficway 57, 98063 Breda"
Royal Dutch Shell,Laura,Clay,+31 54 3226214,"Robinson Pass 15, 49016 Breda"
KPMG,Jeremy,Mcneil,+31 25 4485413,"Paul Squares 153, 61942 Almere"
DSM,Michael,Brock,+31 10 8845590,"Webb Roads 112, 76144 Tilburg"
Ahold Delhaize,Monica,Cooper,+31 93 1754451,"Victoria Circles 61, 60071 Nijmegen"
DSM,Alyssa,Rivera,+31 45 4784124,"Michael Ports 47, 55557 Nijmegen"
Philips,Robert,Price,+31 16 2040613,"Brown Courts 55, 95592 Utrecht"
ABN AMRO,Sheila,Williams,+31 46 6377379,"Barrera Drives 157, 21394 Haarlem"
Royal Dutch Shell,Melissa,Watson,+31 47 5091781,"Elliott Curve 108, 49160 Utrecht"
ABN AMRO,Jeanne,Clayton,+31 96 2080318,"Jones Stravenue 186, 61737 Rotterdam"
Rabobank,Michelle,Jones,+31 59 8275810,"Green Ports 160, 22411 Tilburg"
ABN AMRO,Gregory,Long,+31 40 3044543,"Jason Gardens 171, 09897 Haarlem"
Heineken,Karen,Jackson,+31 29 1039232,"Calvin Harbors 101, 24411 Breda"
ABN AMRO,Rachel,Brady,+31 55 4725502,"Samantha Run 169, 13828 Almere"
Rabobank,Christopher,Brown,+31 11 5420763,"Rhodes Pines 86, 42485 Utrecht"
Rabobank,Anita,Park,+31 62 6550431,"Henderson Mission 38, 52230 Eindhoven"
Philips,Kristen,Torres,+31 29 5151248,"James Ramp 61, 46426 Amsterdam"
ABN AMRO,Sean,Rios,+31 59 8952903,"Baker Circles 78, 70827 Eindhoven"
Philips,Timothy,Ramos,+31 32 4133953,"Kevin Island 53, 13796 Rotterdam"
KPMG,Sarah,Lee,+31 27 7423023,"Jacob Wall 181, 15049 Amsterdam"
DSM,Julie,Zamora,+31 90 4353943,"Chandler Trail 119, 64702 Groningen"
Heineken,Donald,Rollins,+31 60 8020504,"Tabitha Gardens 106, 81066 Rotterdam"
ING Groep,Mason,Sosa,+31 65 1782066,"Jessica Crossroad 105, 93283 Rotterdam"
ING Groep,Sean,Sharp,+31 77 9768771,"Robinson Haven 174, 24005 Eindhoven"
DSM,Natasha,Rodriguez,+31 49 4739767,"Michelle Fall 29, 05570 Eindhoven"
KPMG,David,Blanchard,+31 95 4927386,"Martinez Lodge 92, 59081 Rotterdam"
ASML,Karen,Daniel,+31 53 5533526,"Jenkins Path 107, 06649 Nijmegen"
Ahold Delhaize,David,Pearson,+31 30 7296775,"Stephanie Port 195, 68430 Rotterdam"
ABN AMRO,Nathan,Owen,+31 36 1939913,"Rogers Drives 74, 75049 Breda"
ASML,Angela,Higgins,+31 36 4797918,"Smith Drive 141, 49677 Utrecht"
ABN AMRO,Jose,Jones,+31 78 8047471,"John Hills 81, 44027 Amsterdam"
DSM,Daniel,Thomas,+31 44 5701797,"Mcdonald Shore 6, 63855 Amsterdam"
ING Groep,Craig,Hansen,+31 68 3979380,"Thomas Squares 121, 24777 Eindhoven"
ING Groep,William,Howard,+31 55 4111086,"Nichole Drive 133, 04818 Nijmegen"
Philips,Steve,Kim,+31 37 2839327,"Dennis Neck 188, 78916 Eindhoven"
ABN AMRO,Timothy,Bryant,+31 91 7911387,"Berry Well 61, 15316 Amsterdam"
DSM,David,Willis,+31 86 1258499,"Ashley Brook 126, 32025 Groningen"
Rabobank,Vanessa,Evans,+31 66 6192361,"Dawn Mission 128, 58788 Nijmegen"
KPMG,Stephen,Beltran,+31 20 2785201,"Mark Ports 129, 78575 Nijmegen"
Rabobank,Cassidy,Hickman,+31 20 4422664,"Johnson Forest 184, 93914 Rotterdam"
ABN AMRO,Nicole,Haney,+31 22 8621048,"Gibson Expressway 142, 51395 Groningen"
Philips,Daniel,Mcguire,+31 76 1678405,"Wendy Cove 92, 34383 Haarlem"
DSM,Katie,Oneill,+31 40 3213784,"Alexis Tunnel 187, 76494 Eindhoven"
DSM,Michael,Hudson,+31 10 7617927,"Christina Vista 181, 54577 Groningen"
ASML,Connie,Clark,+31 97 4038636,"Short Isle 83, 91919 Groningen"
KPMG,Christina,Stephens,+31 56 5500592,"Morton Garden 95, 89160 Almere"
Philips,Christina,Harvey,+31 80 4034200,"Joshua Orchard 158, 75024 Almere"
Philips,Anthony,Mejia,+31 92 3168692,"Shannon Fields 51, 84247 Haarlem"
Rabobank,Joshua,Gordon,+31 23 5873677,"Neal Common 145, 22516 Groningen"
Philips,Juan,Garcia,+31 90 5365187,"William Landing 185, 15063 Haarlem"
ING Groep,Justin,Sampson,+31 29 6516302,"Michael Squares 36, 76523 Breda"
Rabobank,Angela,Herrera,+31 56 5134863,"Pierce Crossing 162, 52673 Rotterdam"
DSM,Eugene,Mcconnell,+31 32 8886179,"Noble Junctions 129, 88941 Tilburg"
Philips,Rachel,Mitchell,+31 45 4918010,"Madison Meadow 106, 34986 Rotterdam"
DSM,Dana,Patterson,+31 62 5721116,"Vicki Shoals 14, 06312 Nijmegen"
ING Groep,Shane,Middleton,+31 58 4687787,"White Bypass 176, 56736 Eindhoven"
ABN AMRO,Amanda,Cordova,+31 99 4652492,"Ruiz Forges 189, 54586 Breda"
Royal Dutch Shell,Christopher,Wells,+31 14 9721989,"Torres Springs 86, 15841 Nijmegen"
Philips,Jennifer,Harrison,+31 51 1649352,"Waters Knolls 73, 87410 Eindhoven"
Rabobank,Jimmy,Gonzalez,+31 81 2811905,"Michael Field 43, 57902 Rotterdam"
Rabobank,Ryan,Woods,+31 32 3371550,"Angela Loop 7, 10083 Eindhoven"
Royal Dutch Shell,Jeffrey,Nielsen,+31 27 9311780,"Joseph Street 101, 60781 Utrecht"
KPMG,Lawrence,Dickerson,+31 68 5805997,"Zachary Plain 80, 43221 Rotterdam"
DSM,Brandon,Moreno,+31 89 3997528,"Davidson Shore 12, 47173 Amsterdam"
Ahold Delhaize,Alicia,Cervantes,+31 96 7547041,"Albert Square 30, 67982 Breda"
ABN AMRO,Samuel,Bentley,+31 27 7297612,"Rose Hills 58, 29908 Almere"
DSM,Julia,White,+31 31 1923290,"Willie Walks 146, 26480 Almere"
Heineken,Christopher,Lee,+31 42 2272944,"Barbara Mall 194, 59588 Eindhoven"
Royal Dutch Shell,Brett,Johnson,+31 44 4281872,"Stephanie Brooks 146, 75542 Groningen"
Royal Dutch Shell,Christine,Mathews,+31 58 5707809,"Gomez Isle 178, 95807 Utrecht"
Heineken,Ashley,Forbes,+31 86 1360480,"Phillip Summit 134, 96920 Breda"
Rabobank,Joshua,Curry,+31 99 2520529,"Wells Underpass 124, 97340 Utrecht"
KPMG,Sara,Green,+31 54 9121393,"Mack Rapid 37, 74804 Rotterdam"
ASML,Ryan,Blankenship,+31 86 2159277,"Miller Tunnel 47, 55018 Tilburg"
Philips,Timothy,Henderson,+31 91 3903012,"Kane Corner 153, 36653 Nijmegen"
ABN AMRO,Courtney,Green,+31 40 8005409,"Randy Crest 162, 54167 Haarlem"
Philips,Laura,Gilbert,+31 95 5558189,"Cunningham Isle 63, 96593 Almere"
Rabobank,Donna,Brown,+31 40 6004272,"Green Shore 67, 81436 Eindhoven"
ABN AMRO,Jessica,Morales,+31 38 6796935,"Cameron Dale 125, 72286 Amsterdam"
ASML,Helen,Delgado,+31 74 7129858,"Mark Center 79, 31647 Breda"
ABN AMRO,Justin,Walls,+31 38 9155532,"Suarez Drives 29, 37674 Amsterdam"
Heineken,Christopher,Burns,+31 32 5694252,"Tiffany Track 136, 18564 Eindhoven"
Ahold Delhaize,Angela,Pope,+31 30 4676346,"Natalie Trafficway 96, 35757 Eindhoven"
Rabobank,Adrienne,Anderson,+31 59 3968488,"Ann Fords 39, 51744 Tilburg"
Royal Dutch Shell,Sandra,Weaver,+31 58 4789322,"Singleton Cliff 153, 24186 Amsterdam"
ASML,Wendy,Williams,+31 54 4798005,"Lisa Glen 17, 69849 Almere"
DSM,John,George,+31 59 9985316,"Singh Summit 75, 82400 Groningen"
Philips,Kaylee,Hart,+31 11 1808836,"Davila Passage 132, 96648 Amsterdam"
ASML,Michael,Allison,+31 40 7857112,"Patty Corner 122, 44936 Haarlem"
Philips,Evelyn,Henderson,+31 65 7155631,"Stephanie Flats 165, 28174 Utrecht"
Heineken,Amy,Ward,+31 96 5069764,"David Ramp 20, 90092 Almere"
ING Groep,Gary,Jones,+31 66 4464003,"Lauren Shoals 51, 42163 Amsterdam"
ING Groep,Chelsea,Fuller,+31 46 6639983,"Bailey Stravenue 199, 38828 Nijmegen"
KPMG,Kyle,Avila,+31 27 5243212,"Jeff Avenue 28, 51414 Breda"
Rabobank,Patricia,Simmons,+31 75 2941516,"Lauren Roads 166, 34049 Nijmegen"
ASML,James,Thompson,+31 30 2926498,"Peter Field 196, 36383 Eindhoven"
Royal Dutch Shell,Danielle,Hines,+31 67 7435886,"Jones Mall 22, 60657 Amsterdam"
Ahold Delhaize,Angela,Patel,+31 87 7982644,"Charles Club 157, 99620 Eindhoven"
KPMG,Carol,Reese,+31 74 3803900,"Jennifer Mountains 184, 09888 Haarlem"
Heineken,Gail,Farley,+31 86 3641578,"Victoria Path 60, 08859 Almere"
Philips,Benjamin,Pope,+31 31 8589484,"Arnold Island 133, 84745 Rotterdam"
Rabobank,Margaret,Stanton,+31 37 5322033,"Stout Throughway 176, 36627 Almere"
Rabobank,Tina,Lambert,+31 24 2690328,"Daniel Common 5, 67021 Almere"
ASML,Rebecca,Graham,+31 50 6419727,"Ronald Port 198, 56482 Amsterdam"
DSM,Sara,Coleman,+31 53 1410648,"Harris Keys 17, 02732 Breda"
Philips,Carla,Young,+31 58 9316884,"Smith Plains 152, 65870 Tilburg"
ABN AMRO,Michael,Deleon,+31 97 4657330,"Kayla Estate 135, 76615 Haarlem"
Philips,Dawn,Smith,+31 75 6023139,"Duarte Plaza 183, 60660 Utrecht"
KPMG,Patricia,Graves,+31 49 6857640,"Garcia Spurs 165, 55871 Breda"
Philips,Charles,Jones,+31 57 6859869,"Jason Burg 106, 76796 Tilburg"
Heineken,Jaime,Kelly,+31 90 5379845,"Robert Lake 148, 16319 Amsterdam"
KPMG,Todd,Kim,+31 28 3579747,"Wells Brooks 100, 03529 Utrecht"
DSM,Heidi,Ruiz,+31 10 8633012,"Michael Road 58, 72376 Amsterdam"
ABN AMRO,Daniel,Henderson,+31 85 6027046,"Jennifer Lane 110, 63981 Eindhoven"
Heineken,Hannah,Smith,+31 74 8094666,"Ronnie Tunnel 86, 67119 Rotterdam"
ABN AMRO,Rachel,Gonzalez,+31 52 5940862,"Sean Corner 88, 09927 Nijmegen"
Royal Dutch Shell,Robert,Leonard,+31 87 5695604,"Martin Manor 34, 14622 Tilburg"
Rabobank,Virginia,Hernandez,+31 10 4352869,"Grace Islands 3, 14473 Haarlem"
Heineken,Sarah,Torres,+31 95 2102557,"Douglas Extension 106, 36906 Nijmegen"
ING Groep,Caitlin,Keller,+31 40 2374577,"Roberts Shoals 155, 48383 Breda"
ING Groep,Anthony,Valenzuela,+31 69 2073684,"Roth Drives 89, 76975 Tilburg"
Heineken,Allison,Garrett,+31 79 9803931,"Maureen Lock 74, 85233 Almere"
Philips,Stephanie,Good,+31 82 6237433,"Mccoy Trace 125, 29535 Nijmegen"
ABN AMRO,Stephen,Ingram,+31 17 6671790,"Hart Road 71, 03913 Eindhoven"
Royal Dutch Shell,Melissa,Koch,+31 46 5146167,"Stephanie View 52, 51104 Rotterdam"
Ahold Delhaize,Tina,Johnston,+31 32 3722362,"Lisa Extensions 163, 46226 Nijmegen"
Ahold Delhaize,Jeanette,Ramirez,+31 43 8888330,"Martin Mountain 58, 30321 Groningen"
ABN AMRO,Kristin,Mcneil,+31 15 7681900,"Brian Springs 140, 14792 Breda"
Heineken,Sarah,Davis,+31 54 9679295,"Henry Light 10, 38999 Eindhoven"
ING Groep,Mary,Bowers,+31 79 9369446,"Richardson Knolls 54, 01820 Groningen"
Ahold Delhaize,Justin,Brown,+31 58 6049469,"Cain Lodge 70, 25536 Almere"
Royal Dutch Shell,Jessica,Stewart,+31 56 9134491,"Jeffrey Manor 40, 63236 Amsterdam"
Philips,Jose,Smith,+31 24 9919833,"Davis Orchard 187, 28803 Utrecht"
ABN AMRO,Jesse,Ryan,+31 86 6575938,"Wendy Lock 100, 29453 Groningen"
DSM,Thomas,Edwards,+31 72 1252577,"Omar Spring 153, 03698 Almere"
DSM,Rebecca,Andrade,+31 11 5917192,"Amanda Valley 146, 35618 Nijmegen"
Philips,Judy,Zimmerman,+31 34 1952907,"Gary Orchard 129, 94288 Groningen"
DSM,Lauren,Dean,+31 59 2901684,"Gonzalez Parkway 98, 10731 Amsterdam"
Rabobank,Jenna,Lee,+31 40 6608685,"Richards Shoal 180, 96382 Utrecht"
ASML,Linda,Myers,+31 44 7287756,"Kirk View 11, 49517 Almere"
Rabobank,Christopher,Riley,+31 87 8087265,"Davidson Parkways 85, 84023 Amsterdam"
Philips,Teresa,Prince,+31 87 8422999,"Jay Dale 6, 94928 Tilburg"
Ahold Delhaize,Fred,Williams,+31 46 3247162,"Teresa Stream 108, 23946 Almere"
ABN AMRO,Amy,Brooks,+31 95 5914923,"Mary Creek 182, 22230 Utrecht"
Heineken,Brandy,Walker,+31 21 5765929,"Myers Bypass 133, 19163 Nijmegen"
Philips,Rebecca,Carson,+31 89 2732932,"Valdez Circle 155, 08404 Nijmegen"
ING Groep,Madison,Williams,+31 94 2484380,"Martinez Squares 115, 56174 Amsterdam"
Philips,Brenda,Andrade,+31 53 2957458,"Dillon Plain 122, 07939 Haarlem"
KPMG,Erin,Ellis,+31 13 9893442,"Hall Keys 151, 42715 Tilburg"
ING Groep,Stanley,Villegas,+31 12 6161945,"Coffey Port 116, 84896 Breda"
ING Groep,Dawn,Robertson,+31 20 4757776,"Olivia Islands 17, 94069 Utrecht"
Ahold Delhaize,Manuel,Nelson,+31 64 8549271,"Garcia Hills 61, 69397 Haarlem"
Royal Dutch Shell,Lorraine,Garcia,+31 12 2745816,"Rodriguez Prairie 163, 06445 Rotterdam"
ASML,Courtney,Houston,+31 29 7270918,"Evans Island 48, 89726 Eindhoven"
ASML,Robert,Noble,+31 29 7204371,"Tiffany Plains 167, 79222 Tilburg"
KPMG,Michael,Patel,+31 18 1509810,"Briggs Field 17, 22521 Tilburg"
Royal Dutch Shell,Gail,Smith,+31 33 8885055,"John Vista 107, 89793 Tilburg"
Heineken,Jessica,Fleming,+31 92 3153140,"Lindsey Coves 129, 43203 Utrecht"
Heineken,Ana,Lee,+31 23 8198075,"Thomas Rapid 193, 53986 Almere"
Heineken,Vicki,Lawson,+31 23 1814117,"Kiara Burg 29, 95279 Tilburg"
Philips,Jeffrey,Diaz,+31 92 8906899,"Black Unions 94, 83068 Groningen"
ABN AMRO,Anthony,Lewis,+31 68 3107924,"Leroy Overpass 106, 26818 Groningen"
DSM,Meagan,Leonard,+31 89 4210062,"Anderson Gateway 120, 82453 Utrecht"
Philips,Sean,Turner,+31 13 4083458,"Lynch Freeway 125, 25038 Utrecht"
ING Groep,Frederick,Cabrera,+31 71 2621553,"Vega Skyway 192, 56475 Eindhoven"
KPMG,Nicholas,Kelly,+31 51 2388780,"Erin Glens 195, 66971 Utrecht"
Philips,Ashley,Smith,+31 25 3269336,"Moore Courts 149, 31104 Rotterdam"
Philips,Melissa,Gonzales,+31 58 2399201,"Charles Crest 36, 90030 Rotterdam"
KPMG,Trevor,Larsen,+31 17 4417181,"Valdez Forges 42, 74298 Breda"
Philips,Austin,Castillo,+31 57 5143494,"Omar Manors 116, 60876 Nijmegen"
KPMG,Mark,Huff,+31 12 2943402,"Walsh Pass 191, 17631 Rotterdam"
ASML,Ashley,Wright,+31 22 6679773,"Erica Ranch 94, 91697 Nijmegen"
DSM,Paul,Bates,+31 81 3750617,"Theresa Hills 192, 14505 Utrecht"
KPMG,Peter,Anderson,+31 98 4637691,"Hodge Points 64, 91853 Groningen"
Royal Dutch Shell,Sarah,Johnson,+31 18 8625106,"Maddox Fords 115, 74943 Rotterdam"
Rabobank,Ashley,Pope,+31 48 7295672,"Erin Square 59, 55439 Eindhoven"
ABN AMRO,Robin,Reyes,+31 84 8731164,"James Neck 62, 64711 Almere"
ASML,Robert,Smith,+31 60 9015716,"Kelly Springs 178, 25932 Breda"
Rabobank,Jennifer,Knapp,+31 62 1085747,"Michelle Camp 41, 83252 Tilburg"
Rabobank,Brian,Schmitt,+31 86 5028372,"Berry Station 52, 64563 Eindhoven"
ABN AMRO,Lindsey,Callahan,+31 24 2710663,"Doyle Skyway 45, 55748 Tilburg"
Philips,Gregory,Richards,+31 52 7209473,"Steven Camp 98, 59025 Nijmegen"
Philips,Latasha,Rodriguez,+31 95 9377743,"Tina Locks 92, 79233 Groningen"
ING Groep,Brenda,Hughes,+31 12 7977258,"Edwards Gardens 90, 71278 Tilburg"
Heineken,Ann,Jennings,+31 18 7393798,"Anthony Pike 36, 73247 Utrecht"
Heineken,Anna,Marshall,+31 64 3970645,"West Landing 14, 92191 Amsterdam"
Ahold Delhaize,Michael,Schmidt,+31 92 4218584,"Jacobs Curve 151, 79579 Breda"
KPMG,Kathleen,Andrews,+31 62 2741874,"Samantha Loop 20, 55425 Haarlem"
ASML,Joel,Henderson,+31 31 1655181,"David Harbors 180, 55550 Groningen"
ABN AMRO,Brandy,Gutierrez,+31 96 9654719,"Burke Coves 140, 64672 Haarlem"
DSM,Penny,Palmer,+31 59 4768948,"Melissa Manor 55, 59186 Haarlem"
Royal Dutch Shell,Andrew,Smith,+31 33 6333986,"Wallace Point 155, 12898 Amsterdam"
Royal Dutch Shell,Brandy,Lang,+31 26 4464688,"Olivia Forks 60, 59345 Almere"
Rabobank,Jessica,Bell,+31 97 7908378,"Jessica Ford 162, 03595 Utrecht"
Ahold Delhaize,Laura,Summers,+31 46 6709734,"Barnes Corners 45, 08843 Breda"
ASML,Raven,Barnes,+31 97 3169749,"Davis Pike 139, 35604 Tilburg"
Philips,Julia,Brown,+31 42 1008770,"Julie Greens 136, 37943 Utrecht"
Rabobank,Gary,Lucas,+31 46 4599747,"Washington Estates 66, 55398 Utrecht"
Ahold Delhaize,Karen,Woods,+31 73 8453852,"Jessica Radial 16, 19567 Almere"
Ahold Delhaize,Paul,Nelson,+31 73 8625987,"Middleton Squares 99, 49778 Rotterdam"
DSM,Gene,Brown,+31 55 8900082,"Michael Tunnel 102, 63484 Groningen"
Heineken,Jonathan,Duffy,+31 92 5467199,"Kyle Dale 37, 21585 Rotterdam"
ASML,Amber,James,+31 43 7796005,"Jonathan Camp 152, 98010 Almere"
ABN AMRO,David,Baker,+31 82 4636212,"Timothy Stream 57, 45783 Amsterdam"
ING Groep,Patrick,Fisher,+31 31 8276227,"Meagan Lights 149, 20590 Nijmegen"
Philips,Cassidy,Jimenez,+31 74 9812414,"Jason Course 34, 72769 Amsterdam"
Royal Dutch Shell,Steven,Rivera,+31 60 6634512,"Aaron Circle 80, 36722 Almere"
DSM,Melvin,Jackson,+31 69 6023821,"Smith Square 87, 99470 Breda"
Rabobank,Sandy,Baker,+31 14 2019723,"Elizabeth Throughway 145, 03110 Breda"
DSM,Stephen,Roberts,+31 68 6128687,"Kerr Port 190, 42883 Amsterdam"
Rabobank,Cindy,Hood,+31 17 5910054,"Shane Lane 132, 23482 Nijmegen"
Rabobank,Victoria,Figueroa,+31 92 8524083,"Ashley Haven 177, 56505 Eindhoven"
Rabobank,Amanda,Miller,+31 74 1816366,"Luis Shoal 9, 18132 Nijmegen"
ABN AMRO,Todd,Long,+31 18 4104330,"Morrison Canyon 34, 83695 Eindhoven"
ABN AMRO,Joshua,Figueroa,+31 15 7834257,"Herman Fork 47, 27700 Breda"
ING Groep,Stephen,Moore,+31 64 5472173,"Hailey Divide 142, 55651 Almere"
ABN AMRO,Jeffrey,Jefferson,+31 61 6545085,"Jessica Village 178, 54886 Groningen"
ASML,Kaylee,Willis,+31 47 7815985,"Dawn Canyon 131, 50153 Amsterdam"
ASML,Hailey,Lopez,+31 80 7544432,"Sims Valley 15, 07384 Tilburg"
Ahold Delhaize,Nathan,Smith,+31 70 3744625,"Booth Port 136, 07543 Amsterdam"
Philips,Amanda,Williams,+31 35 5196254,"Alejandro Neck 47, 58655 Nijmegen"
KPMG,Kimberly,Garrett,+31 94 4425948,"Christopher Locks 157, 92822 Amsterdam"
Heineken,Mary,Cowan,+31 36 5743836,"James Trail 7, 81268 Almere"
ING Groep,Eric,Tucker,+31 78 9676351,"Mitchell Trafficway 70, 20681 Utrecht"
DSM,Barbara,Yang,+31 49 9888358,"Katie Club 111, 56544 Groningen"
KPMG,John,Cabrera,+31 48 9901953,"Evans Pines 137, 16983 Rotterdam"
Heineken,Frank,Sullivan,+31 17 4752509,"Samuel Keys 174, 12774 Amsterdam"
KPMG,John,Martin,+31 13 8308631,"Patterson Pine 177, 08228 Almere"
DSM,Matthew,Ramirez,+31 54 7950742,"Lori Avenue 59, 62798 Haarlem"
ASML,Michael,Schwartz,+31 50 7524694,"Contreras Corners 142, 70211 Nijmegen"
KPMG,Richard,Gutierrez,+31 92 8419625,"Carolyn Parkways 164, 01669 Amsterdam"
ING Groep,Elizabeth,Rodriguez,+31 40 8557271,"Bridget Walk 173, 27267 Nijmegen"
ASML,Manuel,Dillon,+31 99 1131724,"Joseph Mountains 154, 64153 Breda"
Ahold Delhaize,Michael,Combs,+31 62 1091067,"Hanson Mills 112, 41759 Tilburg"
Ahold Delhaize,Diane,Andrews,+31 87 7128929,"Lucas Manors 131, 03235 Breda"
ING Groep,Katie,Davis,+31 12 6043564,"Stephen Streets 30, 46043 Nijmegen"
Heineken,Andrea,Miller,+31 53 6039967,"Fernandez Pine 161, 61615 Groningen"
Ahold Delhaize,Tyler,Maddox,+31 48 6405504,"Zachary Dam 146, 74521 Groningen"
Rabobank,Morgan,Crawford,+31 89 2575072,"Hunter Path 71, 20185 Groningen"
ABN AMRO,Sarah,Williams,+31 88 5966559,"Ross Circles 84, 03039 Almere"
Philips,Ryan,Ramos,+31 36 1561590,"Poole Bypass 116, 91357 Almere"
Royal Dutch Shell,Brian,Tran,+31 17 6085485,"Shepherd Locks 35, 06881 Tilburg"
Rabobank,Michelle,Hall,+31 67 7710050,"Danielle Run 88, 21698 Eindhoven"
ABN AMRO,Kristina,Thomas,+31 94 9837112,"Belinda Flat 198, 33932 Amsterdam"
DSM,Jason,Parker,+31 70 8108390,"Hernandez Square 98, 36748 Haarlem"
ASML,Jennifer,White,+31 98 4403465,"Madison Street 68, 23747 Nijmegen"
KPMG,Cindy,Kent,+31 73 3882058,"Susan Village 184, 12668 Rotterdam"
ING Groep,Tiffany,Martinez,+31 23 2137122,"Harris River 148, 88565 Almere"
Heineken,Lori,Brown,+31 94 8099158,"Justin Grove 3, 80280 Breda"
ING Groep,Reginald,Reynolds,+31 26 7152863,"Mann Springs 73, 09826 Utrecht"
Ahold Delhaize,David,Lee,+31 32 2902464,"Kristin Way 55, 03198 Tilburg"
Royal Dutch Shell,Albert,Spencer,+31 58 1515183,"Ricardo Road 116, 21468 Tilburg"
Royal Dutch Shell,Robert,Ryan,+31 97 6669584,"Annette Valley 98, 91212 Haarlem"
DSM,Lori,Roberts,+31 61 2647925,"Kathleen Vista 107, 83365 Haarlem"
Rabobank,Anthony,Austin,+31 77 9801164,"Sanchez Square 44, 97621 Breda"
Royal Dutch Shell,Rebecca,Hall,+31 21 2670398,"Rios Harbor 183, 97528 Nijmegen"
Heineken,Paul,Moore,+31 50 1134788,"Johnson Drive 142, 09785 Eindhoven"
Royal Dutch Shell,Michael,Shaw,+31 34 3425950,"Bailey Row 192, 83240 Nijmegen"
ASML,Elizabeth,Hall,+31 25 4655206,"Jake Village 125, 07338 Almere"
KPMG,Olivia,Myers,+31 35 7451970,"Jacob Mission 59, 76850 Amsterdam"
Royal Dutch Shell,William,Campbell,+31 83 9892451,"Ramirez Route 197, 85393 Rotterdam"
Royal Dutch Shell,Jessica,Tapia,+31 21 2994188,"Adam Prairie 134, 17639 Rotterdam"
Royal Dutch Shell,Jennifer,Butler,+31 45 7388798,"Carmen Port 154, 39150 Haarlem"
ING Groep,Michael,Keller,+31 34 3600644,"Carol Landing 83, 75768 Eindhoven"
ABN AMRO,Ricky,Mcdonald,+31 57 4663605,"Sandra Run 113, 78881 Haarlem"
Rabobank,Diane,Gibson,+31 36 5252293,"Richard Pines 139, 54972 Tilburg"
Heineken,Brandon,Davis,+31 82 7608662,"Kelley Well 92, 31721 Rotterdam"
ABN AMRO,Sara,Cline,+31 48 7198894,"Dylan Cliffs 140, 54443 Tilburg"
Ahold Delhaize,Kenneth,Romero,+31 80 1413769,"Stephen Island 142, 23629 Eindhoven"
Royal Dutch Shell,Stephanie,Wilson,+31 64 7337440,"Thomas Burg 190, 76694 Haarlem"
Heineken,Karen,Cortez,+31 73 3236894,"Smith Haven 170, 37571 Haarlem"
Royal Dutch Shell,Brett,Blanchard,+31 57 8796466,"Reyes Extension 159, 46595 Almere"
ABN AMRO,Omar,Thomas,+31 64 5306031,"Ronald Loaf 59, 97255 Amsterdam"
Royal Dutch Shell,Kelsey,Novak,+31 41 4048008,"Ronald Ramp 115, 20952 Tilburg"
Ahold Delhaize,Jesse,Russell,+31 55 2553132,"Tara Freeway 132, 42621 Eindhoven"
Royal Dutch Shell,Tyler,Matthews,+31 25 6525537,"Mayer Landing 23, 67961 Amsterdam"
ABN AMRO,Rebecca,Russell,+31 14 8299856,"David Tunnel 114, 89161 Almere"
Ahold Delhaize,Holly,Hardy,+31 31 4485257,"Harold Hollow 68, 92762 Rotterdam"
Heineken,Tracy,Holt,+31 25 7932606,"Brown Road 127, 42909 Groningen"
DSM,John,Frazier,+31 25 6151634,"Jessica Ville 17, 29759 Haarlem"
Royal Dutch Shell,Zachary,Jones,+31 13 6596389,"Richard Walk 184, 45872 Groningen"
ASML,Alan,Davis,+31 24 3639522,"Franklin Square 151, 23756 Eindhoven"
DSM,Jimmy,Terry,+31 35 3082286,"Watkins Burgs 135, 77355 Eindhoven"
Rabobank,Kyle,Collins,+31 65 1734080,"Samantha Corners 45, 96797 Breda"
Heineken,Cathy,Gibson,+31 70 7819346,"Justin Bypass 175, 47581 Amsterdam"
Ahold Delhaize,Manuel,Garcia,+31 90 6691799,"Martin Bypass 21, 30278 Nijmegen"
Royal Dutch Shell,Cheryl,Welch,+31 82 9478487,"Jennifer Freeway 101, 37001 Almere"
ABN AMRO,Sandra,White,+31 64 3522050,"Brandy Street 98, 44578 Rotterdam"
Heineken,Katherine,Wallace,+31 15 5757556,"Garcia Alley 1, 47887 Rotterdam"
Rabobank,Natalie,Holt,+31 54 9147231,"Ashley Ferry 176, 18754 Haarlem"
ABN AMRO,Joseph,Herman,+31 94 7479353,"Murphy Stravenue 139, 81388 Amsterdam"
ING Groep,Mary,Smith,+31 16 4583966,"Nancy Wall 17, 24989 Utrecht"
KPMG,Rita,Hansen,+31 42 1306122,"Christine Lakes 37, 80558 Breda"
ING Groep,James,Sweeney,+31 71 9138875,"Steven Ferry 160, 73740 Breda"
Heineken,Tammy,Miller,+31 20 7999301,"Monica Ridges 65, 14399 Utrecht"
ABN AMRO,Daniel,Paul,+31 83 6630660,"Mitchell View 42, 55934 Nijmegen"
Heineken,Eric,Hanna,+31 16 6328050,"Nicole Lodge 190, 42980 Breda"
ING Groep,Bryan,Carter,+31 85 7946468,"Vega Pike 67, 08738 Groningen"
Royal Dutch Shell,Mark,Barry,+31 49 6587070,"Paul River 54, 96677 Tilburg"
DSM,Kaitlyn,Parker,+31 80 7599435,"Thompson Prairie 60, 44688 Groningen"
ABN AMRO,Natasha,Dickson,+31 44 8196361,"Reed Islands 140, 99727 Groningen"
Heineken,Jeremy,Espinoza,+31 39 6633305,"Bates Light 175, 54422 Nijmegen"
DSM,Patricia,Carter,+31 23 6566632,"Anthony Mission 83, 56535 Utrecht"
Heineken,Samantha,Ryan,+31 30 5973921,"John Cliff 30, 28227 Nijmegen"
ABN AMRO,Claudia,Noble,+31 16 2477722,"Drake Villages 123, 16259 Groningen"
Rabobank,Rebecca,Zuniga,+31 39 7526452,"Kristin Center 42, 00525 Tilburg"
Heineken,Michael,Holt,+31 28 7625596,"Chad Valleys 65, 53894 Tilburg"
DSM,Michelle,Owens,+31 28 3144771,"Cox Island 41, 58793 Nijmegen"
Ahold Delhaize,Aaron,Adams,+31 88 2553011,"Jennifer Spurs 165, 77506 Amsterdam"
Ahold Delhaize,Joshua,Cooper,+31 92 3573492,"Meagan Parkways 56, 96631 Haarlem"
ABN AMRO,Robert,Chaney,+31 99 9500320,"Paul Crest 90, 60334 Haarlem"
ING Groep,Max,Sanchez,+31 11 4199205,"Patricia Trail 137, 07754 Rotterdam"
Philips,Miranda,Jackson,+31 67 6628532,"Marshall Shoal 75, 15388 Haarlem"
Ahold Delhaize,Patricia,Ferguson,+31 75 8852653,"Taylor Mountain 70, 42232 Haarlem"
ING Groep,Daniel,French,+31 70 2854069,"Sweeney Route 146, 19610 Amsterdam"
KPMG,Kevin,Garcia,+31 19 9191877,"Gonzalez Hills 142, 56017 Almere"
ABN AMRO,Hayden,Jimenez,+31 71 4422917,"Brittany Springs 171, 75374 Groningen"
Royal Dutch Shell,Nicole,Williams,+31 20 5218043,"Roman Orchard 33, 85985 Haarlem"
Rabobank,Renee,Chapman,+31 10 8045282,"Campbell Avenue 31, 23183 Utrecht"
Ahold Delhaize,Bradley,Wilson,+31 90 6075287,"Spencer Trace 169, 25788 Breda"
Rabobank,Dominique,Stokes,+31 34 6189910,"Phillip Bridge 149, 98265 Rotterdam"
DSM,Kyle,Hall,+31 13 6343293,"Susan Streets 29, 32558 Amsterdam"
Heineken,Kerri,Garcia,+31 30 2195310,"Scott Islands 46, 63501 Nijmegen"
Philips,Lori,Wilson,+31 57 4852618,"Steven Plaza 1, 92219 Amsterdam"
ABN AMRO,Melinda,Hubbard,+31 38 3300396,"Cameron Villages 159, 02092 Rotterdam"
Philips,Tammy,Horton,+31 58 3885418,"Paul Canyon 177, 12251 Eindhoven"
Royal Dutch Shell,Seth,Harris,+31 76 9965913,"Johnson Walk 119, 79393 Groningen"
ING Groep,Michael,Davis,+31 43 5448026,"Mills Bridge 76, 99179 Utrecht"
ING Groep,Daniel,Ryan,+31 53 6716019,"Clifford Station 38, 64507 Groningen"
ING Groep,Julie,Mathis,+31 69 2104335,"Horton Cape 95, 41964 Groningen"
Rabobank,Cristian,Peterson,+31 66 1538221,"Williams Hills 168, 86130 Utrecht"
DSM,Patrick,Cook,+31 69 4077853,"Phelps Hills 71, 59722 Tilburg"
Philips,Nicolas,Welch,+31 98 9483857,"Nathan Light 77, 45683 Eindhoven"
KPMG,Leslie,Castro,+31 36 8631386,"Teresa Parks 50, 15101 Amsterdam"
KPMG,Oscar,Mills,+31 23 1274643,"Leslie Island 9, 39307 Nijmegen"
Heineken,Andre,Clements,+31 31 5060060,"Brittany Green 10, 17429 Nijmegen"
ABN AMRO,John,Holden,+31 81 1774563,"Danielle Rapid 49, 97013 Breda"
Royal Dutch Shell,Kathryn,Taylor,+31 89 8663469,"Bernard Parkway 41, 17187 Nijmegen"
Rabobank,James,Williams,+31 16 9209897,"Tracy Villages 187, 25028 Groningen"
Heineken,Sabrina,Vasquez,+31 46 8559524,"Jason Mission 72, 99236 Utrecht"
KPMG,Evelyn,Berry,+31 27 2282200,"Joseph Union 118, 75236 Tilburg"
ABN AMRO,Jennifer,Garcia,+31 77 1419193,"Jennifer Locks 175, 91632 Tilburg"
ING Groep,Richard,Reynolds,+31 90 3777347,"Alexis Square 16, 14201 Breda"
ASML,David,Ingram,+31 51 6980095,"Jonathan Flat 200, 63354 Utrecht"
Royal Dutch Shell,Matthew,Malone,+31 95 8587858,"Jennings Spurs 185, 83926 Breda"
ING Groep,Randy,Mays,+31 17 3340315,"Cook Plaza 137, 89794 Almere"
Philips,Melissa,Miller,+31 20 7046680,"Jackie Fall 36, 48661 Tilburg"
KPMG,Charles,Newman,+31 56 3960951,"Jennifer Islands 97, 34536 Breda"
ING Groep,Jamie,Lopez,+31 26 2639549,"Vickie Camp 153, 63582 Eindhoven"
KPMG,Gary,Martinez,+31 19 8706384,"Webster Lane 72, 52784 Almere"
Heineken,Bryan,Brown,+31 23 5630908,"Sean Knoll 193, 56687 Amsterdam"
ASML,Dawn,Wilson,+31 22 1648280,"Sanchez Pines 183, 77202 Almere"
ING Groep,Brian,Quinn,+31 17 6876855,"Jason Run 136, 66600 Groningen"
Ahold Delhaize,Christina,Griffith,+31 14 8953140,"Brown Stream 155, 62220 Eindhoven"
Rabobank,Pamela,Adams,+31 99 7051353,"Joshua Key 81, 18469 Rotterdam"
Heineken,Darren,Ingram,+31 34 8083251,"Christine Road 25, 40439 Almere"
KPMG,Lori,French,+31 33 2901964,"Andrea Spur 167, 26626 Rotterdam"
ABN AMRO,Sarah,Hernandez,+31 36 2973548,"John Spurs 14, 18102 Rotterdam"
KPMG,Juan,Higgins,+31 11 3331716,"Carla Mall 64, 27346 Amsterdam"
Philips,Nancy,Adams,+31 22 2719263,"Patel Summit 131, 62018 Haarlem"
Rabobank,Todd,Lopez,+31 57 9462485,"Hanna Station 65, 70822 Almere"
KPMG,James,Frank,+31 47 1559531,"Rodriguez Shoal 128, 29252 Amsterdam"
Royal Dutch Shell,Rachel,Mayer,+31 85 5954492,"Wright Drives 39, 33568 Breda"
Rabobank,Stephen,Kent,+31 34 1155075,"Cummings Neck 1, 94956 Rotterdam"
ING Groep,George,Miller,+31 20 5134283,"Andrew Villages 156, 07744 Utrecht"
DSM,Gwendolyn,Rogers,+31 85 9705732,"Cheyenne Inlet 113, 84323 Haarlem"
Ahold Delhaize,Douglas,Richards,+31 50 4661916,"Deanna Track 136, 29728 Breda"
ABN AMRO,Cindy,Hopkins,+31 92 9063667,"Taylor Inlet 147, 94445 Utrecht"
ASML,Alex,Adams,+31 53 9661555,"Adrienne Haven 144, 63540 Eindhoven"
Ahold Delhaize,Angela,Morgan,+31 76 5719393,"Rose Rue 160, 72453 Eindhoven"
KPMG,Robert,Fisher,+31 41 9718864,"Gutierrez Trail 43, 55113 Utrecht"
Philips,Teresa,Farrell,+31 20 4157709,"Hull Fort 132, 58272 Almere"
Philips,Olivia,Cross,+31 90 6884120,"Martinez Mews 195, 77251 Tilburg"
Royal Dutch Shell,Jesus,Nolan,+31 87 6966836,"Jerry Plaza 50, 37273 Rotterdam"
Ahold Delhaize,Angelica,Lopez,+31 91 6218069,"Johns Inlet 47, 66495 Haarlem"
Ahold Delhaize,Jessica,Moore,+31 70 4434245,"Robinson Locks 188, 45260 Nijmegen"
ASML,William,Lee,+31 56 7119812,"William Rapids 93, 26613 Groningen"
ABN AMRO,Andrew,Russell,+31 60 4750000,"Anne Fields 154, 32698 Breda"
DSM,Joseph,Gonzales,+31 42 4714096,"Helen Run 123, 03553 Utrecht"
ING Groep,Chad,Boyle,+31 51 3455837,"Hernandez Squares 127, 93569 Amsterdam"
ASML,Tammy,Howard,+31 81 2433135,"Vega Ridges 187, 26259 Nijmegen"
